ID_DIM_TIEMPO;DTM_ANIO_MES_DIA;ANIO;SEMESTRE;PERIODO;MES;N_MES;DIA;SEMANA_MES
20200101;01/01/2020;2020;PRIMER SEMESTRE;202001;ENE;1;1;1
20200102;02/01/2020;2020;PRIMER SEMESTRE;202001;ENE;1;2;1
20200103;03/01/2020;2020;PRIMER SEMESTRE;202001;ENE;1;3;1
20200104;04/01/2020;2020;PRIMER SEMESTRE;202001;ENE;1;4;1
20200105;05/01/2020;2020;PRIMER SEMESTRE;202001;ENE;1;5;2
20200106;06/01/2020;2020;PRIMER SEMESTRE;202001;ENE;1;6;2
20200107;07/01/2020;2020;PRIMER SEMESTRE;202001;ENE;1;7;2
20200108;08/01/2020;2020;PRIMER SEMESTRE;202001;ENE;1;8;2
20200109;09/01/2020;2020;PRIMER SEMESTRE;202001;ENE;1;9;2
20200110;10/01/2020;2020;PRIMER SEMESTRE;202001;ENE;1;10;2
20200111;11/01/2020;2020;PRIMER SEMESTRE;202001;ENE;1;11;2
20200112;12/01/2020;2020;PRIMER SEMESTRE;202001;ENE;1;12;3
20200113;13/01/2020;2020;PRIMER SEMESTRE;202001;ENE;1;13;3
20200114;14/01/2020;2020;PRIMER SEMESTRE;202001;ENE;1;14;3
20200115;15/01/2020;2020;PRIMER SEMESTRE;202001;ENE;1;15;3
20200116;16/01/2020;2020;PRIMER SEMESTRE;202001;ENE;1;16;3
20200117;17/01/2020;2020;PRIMER SEMESTRE;202001;ENE;1;17;3
20200118;18/01/2020;2020;PRIMER SEMESTRE;202001;ENE;1;18;3
20200119;19/01/2020;2020;PRIMER SEMESTRE;202001;ENE;1;19;4
20200120;20/01/2020;2020;PRIMER SEMESTRE;202001;ENE;1;20;4
20200121;21/01/2020;2020;PRIMER SEMESTRE;202001;ENE;1;21;4
20200122;22/01/2020;2020;PRIMER SEMESTRE;202001;ENE;1;22;4
20200123;23/01/2020;2020;PRIMER SEMESTRE;202001;ENE;1;23;4
20200124;24/01/2020;2020;PRIMER SEMESTRE;202001;ENE;1;24;4
20200125;25/01/2020;2020;PRIMER SEMESTRE;202001;ENE;1;25;4
20200126;26/01/2020;2020;PRIMER SEMESTRE;202001;ENE;1;26;5
20200127;27/01/2020;2020;PRIMER SEMESTRE;202001;ENE;1;27;5
20200128;28/01/2020;2020;PRIMER SEMESTRE;202001;ENE;1;28;5
20200129;29/01/2020;2020;PRIMER SEMESTRE;202001;ENE;1;29;5
20200130;30/01/2020;2020;PRIMER SEMESTRE;202001;ENE;1;30;5
20200131;31/01/2020;2020;PRIMER SEMESTRE;202001;ENE;1;31;5
20200201;01/02/2020;2020;PRIMER SEMESTRE;202002;FEB;2;1;1
20200202;02/02/2020;2020;PRIMER SEMESTRE;202002;FEB;2;2;2
20200203;03/02/2020;2020;PRIMER SEMESTRE;202002;FEB;2;3;2
20200204;04/02/2020;2020;PRIMER SEMESTRE;202002;FEB;2;4;2
20200205;05/02/2020;2020;PRIMER SEMESTRE;202002;FEB;2;5;2
20200206;06/02/2020;2020;PRIMER SEMESTRE;202002;FEB;2;6;2
20200207;07/02/2020;2020;PRIMER SEMESTRE;202002;FEB;2;7;2
20200208;08/02/2020;2020;PRIMER SEMESTRE;202002;FEB;2;8;2
20200209;09/02/2020;2020;PRIMER SEMESTRE;202002;FEB;2;9;3
20200210;10/02/2020;2020;PRIMER SEMESTRE;202002;FEB;2;10;3
20200211;11/02/2020;2020;PRIMER SEMESTRE;202002;FEB;2;11;3
20200212;12/02/2020;2020;PRIMER SEMESTRE;202002;FEB;2;12;3
20200213;13/02/2020;2020;PRIMER SEMESTRE;202002;FEB;2;13;3
20200214;14/02/2020;2020;PRIMER SEMESTRE;202002;FEB;2;14;3
20200215;15/02/2020;2020;PRIMER SEMESTRE;202002;FEB;2;15;3
20200216;16/02/2020;2020;PRIMER SEMESTRE;202002;FEB;2;16;4
20200217;17/02/2020;2020;PRIMER SEMESTRE;202002;FEB;2;17;4
20200218;18/02/2020;2020;PRIMER SEMESTRE;202002;FEB;2;18;4
20200219;19/02/2020;2020;PRIMER SEMESTRE;202002;FEB;2;19;4
20200220;20/02/2020;2020;PRIMER SEMESTRE;202002;FEB;2;20;4
20200221;21/02/2020;2020;PRIMER SEMESTRE;202002;FEB;2;21;4
20200222;22/02/2020;2020;PRIMER SEMESTRE;202002;FEB;2;22;4
20200223;23/02/2020;2020;PRIMER SEMESTRE;202002;FEB;2;23;5
20200224;24/02/2020;2020;PRIMER SEMESTRE;202002;FEB;2;24;5
20200225;25/02/2020;2020;PRIMER SEMESTRE;202002;FEB;2;25;5
20200226;26/02/2020;2020;PRIMER SEMESTRE;202002;FEB;2;26;5
20200227;27/02/2020;2020;PRIMER SEMESTRE;202002;FEB;2;27;5
20200228;28/02/2020;2020;PRIMER SEMESTRE;202002;FEB;2;28;5
20200229;29/02/2020;2020;PRIMER SEMESTRE;202002;FEB;2;29;5
20200301;01/03/2020;2020;PRIMER SEMESTRE;202003;MAR;3;1;1
20200302;02/03/2020;2020;PRIMER SEMESTRE;202003;MAR;3;2;1
20200303;03/03/2020;2020;PRIMER SEMESTRE;202003;MAR;3;3;1
20200304;04/03/2020;2020;PRIMER SEMESTRE;202003;MAR;3;4;1
20200305;05/03/2020;2020;PRIMER SEMESTRE;202003;MAR;3;5;1
20200306;06/03/2020;2020;PRIMER SEMESTRE;202003;MAR;3;6;1
20200307;07/03/2020;2020;PRIMER SEMESTRE;202003;MAR;3;7;1
20200308;08/03/2020;2020;PRIMER SEMESTRE;202003;MAR;3;8;2
20200309;09/03/2020;2020;PRIMER SEMESTRE;202003;MAR;3;9;2
20200310;10/03/2020;2020;PRIMER SEMESTRE;202003;MAR;3;10;2
20200311;11/03/2020;2020;PRIMER SEMESTRE;202003;MAR;3;11;2
20200312;12/03/2020;2020;PRIMER SEMESTRE;202003;MAR;3;12;2
20200313;13/03/2020;2020;PRIMER SEMESTRE;202003;MAR;3;13;2
20200314;14/03/2020;2020;PRIMER SEMESTRE;202003;MAR;3;14;2
20200315;15/03/2020;2020;PRIMER SEMESTRE;202003;MAR;3;15;3
20200316;16/03/2020;2020;PRIMER SEMESTRE;202003;MAR;3;16;3
20200317;17/03/2020;2020;PRIMER SEMESTRE;202003;MAR;3;17;3
20200318;18/03/2020;2020;PRIMER SEMESTRE;202003;MAR;3;18;3
20200319;19/03/2020;2020;PRIMER SEMESTRE;202003;MAR;3;19;3
20200320;20/03/2020;2020;PRIMER SEMESTRE;202003;MAR;3;20;3
20200321;21/03/2020;2020;PRIMER SEMESTRE;202003;MAR;3;21;3
20200322;22/03/2020;2020;PRIMER SEMESTRE;202003;MAR;3;22;4
20200323;23/03/2020;2020;PRIMER SEMESTRE;202003;MAR;3;23;4
20200324;24/03/2020;2020;PRIMER SEMESTRE;202003;MAR;3;24;4
20200325;25/03/2020;2020;PRIMER SEMESTRE;202003;MAR;3;25;4
20200326;26/03/2020;2020;PRIMER SEMESTRE;202003;MAR;3;26;4
20200327;27/03/2020;2020;PRIMER SEMESTRE;202003;MAR;3;27;4
20200328;28/03/2020;2020;PRIMER SEMESTRE;202003;MAR;3;28;4
20200329;29/03/2020;2020;PRIMER SEMESTRE;202003;MAR;3;29;5
20200330;30/03/2020;2020;PRIMER SEMESTRE;202003;MAR;3;30;5
20200331;31/03/2020;2020;PRIMER SEMESTRE;202003;MAR;3;31;5
20200401;01/04/2020;2020;PRIMER SEMESTRE;202004;ABR;4;1;1
20200402;02/04/2020;2020;PRIMER SEMESTRE;202004;ABR;4;2;1
20200403;03/04/2020;2020;PRIMER SEMESTRE;202004;ABR;4;3;1
20200404;04/04/2020;2020;PRIMER SEMESTRE;202004;ABR;4;4;1
20200405;05/04/2020;2020;PRIMER SEMESTRE;202004;ABR;4;5;2
20200406;06/04/2020;2020;PRIMER SEMESTRE;202004;ABR;4;6;2
20200407;07/04/2020;2020;PRIMER SEMESTRE;202004;ABR;4;7;2
20200408;08/04/2020;2020;PRIMER SEMESTRE;202004;ABR;4;8;2
20200409;09/04/2020;2020;PRIMER SEMESTRE;202004;ABR;4;9;2
20200410;10/04/2020;2020;PRIMER SEMESTRE;202004;ABR;4;10;2
20200411;11/04/2020;2020;PRIMER SEMESTRE;202004;ABR;4;11;2
20200412;12/04/2020;2020;PRIMER SEMESTRE;202004;ABR;4;12;3
20200413;13/04/2020;2020;PRIMER SEMESTRE;202004;ABR;4;13;3
20200414;14/04/2020;2020;PRIMER SEMESTRE;202004;ABR;4;14;3
20200415;15/04/2020;2020;PRIMER SEMESTRE;202004;ABR;4;15;3
20200416;16/04/2020;2020;PRIMER SEMESTRE;202004;ABR;4;16;3
20200417;17/04/2020;2020;PRIMER SEMESTRE;202004;ABR;4;17;3
20200418;18/04/2020;2020;PRIMER SEMESTRE;202004;ABR;4;18;3
20200419;19/04/2020;2020;PRIMER SEMESTRE;202004;ABR;4;19;4
20200420;20/04/2020;2020;PRIMER SEMESTRE;202004;ABR;4;20;4
20200421;21/04/2020;2020;PRIMER SEMESTRE;202004;ABR;4;21;4
20200422;22/04/2020;2020;PRIMER SEMESTRE;202004;ABR;4;22;4
20200423;23/04/2020;2020;PRIMER SEMESTRE;202004;ABR;4;23;4
20200424;24/04/2020;2020;PRIMER SEMESTRE;202004;ABR;4;24;4
20200425;25/04/2020;2020;PRIMER SEMESTRE;202004;ABR;4;25;4
20200426;26/04/2020;2020;PRIMER SEMESTRE;202004;ABR;4;26;5
20200427;27/04/2020;2020;PRIMER SEMESTRE;202004;ABR;4;27;5
20200428;28/04/2020;2020;PRIMER SEMESTRE;202004;ABR;4;28;5
20200429;29/04/2020;2020;PRIMER SEMESTRE;202004;ABR;4;29;5
20200430;30/04/2020;2020;PRIMER SEMESTRE;202004;ABR;4;30;5
20200501;01/05/2020;2020;PRIMER SEMESTRE;202005;MAY;5;1;1
20200502;02/05/2020;2020;PRIMER SEMESTRE;202005;MAY;5;2;1
20200503;03/05/2020;2020;PRIMER SEMESTRE;202005;MAY;5;3;2
20200504;04/05/2020;2020;PRIMER SEMESTRE;202005;MAY;5;4;2
20200505;05/05/2020;2020;PRIMER SEMESTRE;202005;MAY;5;5;2
20200506;06/05/2020;2020;PRIMER SEMESTRE;202005;MAY;5;6;2
20200507;07/05/2020;2020;PRIMER SEMESTRE;202005;MAY;5;7;2
20200508;08/05/2020;2020;PRIMER SEMESTRE;202005;MAY;5;8;2
20200509;09/05/2020;2020;PRIMER SEMESTRE;202005;MAY;5;9;2
20200510;10/05/2020;2020;PRIMER SEMESTRE;202005;MAY;5;10;3
20200511;11/05/2020;2020;PRIMER SEMESTRE;202005;MAY;5;11;3
20200512;12/05/2020;2020;PRIMER SEMESTRE;202005;MAY;5;12;3
20200513;13/05/2020;2020;PRIMER SEMESTRE;202005;MAY;5;13;3
20200514;14/05/2020;2020;PRIMER SEMESTRE;202005;MAY;5;14;3
20200515;15/05/2020;2020;PRIMER SEMESTRE;202005;MAY;5;15;3
20200516;16/05/2020;2020;PRIMER SEMESTRE;202005;MAY;5;16;3
20200517;17/05/2020;2020;PRIMER SEMESTRE;202005;MAY;5;17;4
20200518;18/05/2020;2020;PRIMER SEMESTRE;202005;MAY;5;18;4
20200519;19/05/2020;2020;PRIMER SEMESTRE;202005;MAY;5;19;4
20200520;20/05/2020;2020;PRIMER SEMESTRE;202005;MAY;5;20;4
20200521;21/05/2020;2020;PRIMER SEMESTRE;202005;MAY;5;21;4
20200522;22/05/2020;2020;PRIMER SEMESTRE;202005;MAY;5;22;4
20200523;23/05/2020;2020;PRIMER SEMESTRE;202005;MAY;5;23;4
20200524;24/05/2020;2020;PRIMER SEMESTRE;202005;MAY;5;24;5
20200525;25/05/2020;2020;PRIMER SEMESTRE;202005;MAY;5;25;5
20200526;26/05/2020;2020;PRIMER SEMESTRE;202005;MAY;5;26;5
20200527;27/05/2020;2020;PRIMER SEMESTRE;202005;MAY;5;27;5
20200528;28/05/2020;2020;PRIMER SEMESTRE;202005;MAY;5;28;5
20200529;29/05/2020;2020;PRIMER SEMESTRE;202005;MAY;5;29;5
20200530;30/05/2020;2020;PRIMER SEMESTRE;202005;MAY;5;30;5
20200531;31/05/2020;2020;PRIMER SEMESTRE;202005;MAY;5;31;6
20200601;01/06/2020;2020;PRIMER SEMESTRE;202006;JUN;6;1;1
20200602;02/06/2020;2020;PRIMER SEMESTRE;202006;JUN;6;2;1
20200603;03/06/2020;2020;PRIMER SEMESTRE;202006;JUN;6;3;1
20200604;04/06/2020;2020;PRIMER SEMESTRE;202006;JUN;6;4;1
20200605;05/06/2020;2020;PRIMER SEMESTRE;202006;JUN;6;5;1
20200606;06/06/2020;2020;PRIMER SEMESTRE;202006;JUN;6;6;1
20200607;07/06/2020;2020;PRIMER SEMESTRE;202006;JUN;6;7;2
20200608;08/06/2020;2020;PRIMER SEMESTRE;202006;JUN;6;8;2
20200609;09/06/2020;2020;PRIMER SEMESTRE;202006;JUN;6;9;2
20200610;10/06/2020;2020;PRIMER SEMESTRE;202006;JUN;6;10;2
20200611;11/06/2020;2020;PRIMER SEMESTRE;202006;JUN;6;11;2
20200612;12/06/2020;2020;PRIMER SEMESTRE;202006;JUN;6;12;2
20200613;13/06/2020;2020;PRIMER SEMESTRE;202006;JUN;6;13;2
20200614;14/06/2020;2020;PRIMER SEMESTRE;202006;JUN;6;14;3
20200615;15/06/2020;2020;PRIMER SEMESTRE;202006;JUN;6;15;3
20200616;16/06/2020;2020;PRIMER SEMESTRE;202006;JUN;6;16;3
20200617;17/06/2020;2020;PRIMER SEMESTRE;202006;JUN;6;17;3
20200618;18/06/2020;2020;PRIMER SEMESTRE;202006;JUN;6;18;3
20200619;19/06/2020;2020;PRIMER SEMESTRE;202006;JUN;6;19;3
20200620;20/06/2020;2020;PRIMER SEMESTRE;202006;JUN;6;20;3
20200621;21/06/2020;2020;PRIMER SEMESTRE;202006;JUN;6;21;4
20200622;22/06/2020;2020;PRIMER SEMESTRE;202006;JUN;6;22;4
20200623;23/06/2020;2020;PRIMER SEMESTRE;202006;JUN;6;23;4
20200624;24/06/2020;2020;PRIMER SEMESTRE;202006;JUN;6;24;4
20200625;25/06/2020;2020;PRIMER SEMESTRE;202006;JUN;6;25;4
20200626;26/06/2020;2020;PRIMER SEMESTRE;202006;JUN;6;26;4
20200627;27/06/2020;2020;PRIMER SEMESTRE;202006;JUN;6;27;4
20200628;28/06/2020;2020;PRIMER SEMESTRE;202006;JUN;6;28;5
20200629;29/06/2020;2020;PRIMER SEMESTRE;202006;JUN;6;29;5
20200630;30/06/2020;2020;PRIMER SEMESTRE;202006;JUN;6;30;5
20200701;01/07/2020;2020;SEGUNDO SEMESTRE;202007;JUL;7;1;1
20200702;02/07/2020;2020;SEGUNDO SEMESTRE;202007;JUL;7;2;1
20200703;03/07/2020;2020;SEGUNDO SEMESTRE;202007;JUL;7;3;1
20200704;04/07/2020;2020;SEGUNDO SEMESTRE;202007;JUL;7;4;1
20200705;05/07/2020;2020;SEGUNDO SEMESTRE;202007;JUL;7;5;2
20200706;06/07/2020;2020;SEGUNDO SEMESTRE;202007;JUL;7;6;2
20200707;07/07/2020;2020;SEGUNDO SEMESTRE;202007;JUL;7;7;2
20200708;08/07/2020;2020;SEGUNDO SEMESTRE;202007;JUL;7;8;2
20200709;09/07/2020;2020;SEGUNDO SEMESTRE;202007;JUL;7;9;2
20200710;10/07/2020;2020;SEGUNDO SEMESTRE;202007;JUL;7;10;2
20200711;11/07/2020;2020;SEGUNDO SEMESTRE;202007;JUL;7;11;2
20200712;12/07/2020;2020;SEGUNDO SEMESTRE;202007;JUL;7;12;3
20200713;13/07/2020;2020;SEGUNDO SEMESTRE;202007;JUL;7;13;3
20200714;14/07/2020;2020;SEGUNDO SEMESTRE;202007;JUL;7;14;3
20200715;15/07/2020;2020;SEGUNDO SEMESTRE;202007;JUL;7;15;3
20200716;16/07/2020;2020;SEGUNDO SEMESTRE;202007;JUL;7;16;3
20200717;17/07/2020;2020;SEGUNDO SEMESTRE;202007;JUL;7;17;3
20200718;18/07/2020;2020;SEGUNDO SEMESTRE;202007;JUL;7;18;3
20200719;19/07/2020;2020;SEGUNDO SEMESTRE;202007;JUL;7;19;4
20200720;20/07/2020;2020;SEGUNDO SEMESTRE;202007;JUL;7;20;4
20200721;21/07/2020;2020;SEGUNDO SEMESTRE;202007;JUL;7;21;4
20200722;22/07/2020;2020;SEGUNDO SEMESTRE;202007;JUL;7;22;4
20200723;23/07/2020;2020;SEGUNDO SEMESTRE;202007;JUL;7;23;4
20200724;24/07/2020;2020;SEGUNDO SEMESTRE;202007;JUL;7;24;4
20200725;25/07/2020;2020;SEGUNDO SEMESTRE;202007;JUL;7;25;4
20200726;26/07/2020;2020;SEGUNDO SEMESTRE;202007;JUL;7;26;5
20200727;27/07/2020;2020;SEGUNDO SEMESTRE;202007;JUL;7;27;5
20200728;28/07/2020;2020;SEGUNDO SEMESTRE;202007;JUL;7;28;5
20200729;29/07/2020;2020;SEGUNDO SEMESTRE;202007;JUL;7;29;5
20200730;30/07/2020;2020;SEGUNDO SEMESTRE;202007;JUL;7;30;5
20200731;31/07/2020;2020;SEGUNDO SEMESTRE;202007;JUL;7;31;5
20200801;01/08/2020;2020;SEGUNDO SEMESTRE;202008;AGO;8;1;1
20200802;02/08/2020;2020;SEGUNDO SEMESTRE;202008;AGO;8;2;2
20200803;03/08/2020;2020;SEGUNDO SEMESTRE;202008;AGO;8;3;2
20200804;04/08/2020;2020;SEGUNDO SEMESTRE;202008;AGO;8;4;2
20200805;05/08/2020;2020;SEGUNDO SEMESTRE;202008;AGO;8;5;2
20200806;06/08/2020;2020;SEGUNDO SEMESTRE;202008;AGO;8;6;2
20200807;07/08/2020;2020;SEGUNDO SEMESTRE;202008;AGO;8;7;2
20200808;08/08/2020;2020;SEGUNDO SEMESTRE;202008;AGO;8;8;2
20200809;09/08/2020;2020;SEGUNDO SEMESTRE;202008;AGO;8;9;3
20200810;10/08/2020;2020;SEGUNDO SEMESTRE;202008;AGO;8;10;3
20200811;11/08/2020;2020;SEGUNDO SEMESTRE;202008;AGO;8;11;3
20200812;12/08/2020;2020;SEGUNDO SEMESTRE;202008;AGO;8;12;3
20200813;13/08/2020;2020;SEGUNDO SEMESTRE;202008;AGO;8;13;3
20200814;14/08/2020;2020;SEGUNDO SEMESTRE;202008;AGO;8;14;3
20200815;15/08/2020;2020;SEGUNDO SEMESTRE;202008;AGO;8;15;3
20200816;16/08/2020;2020;SEGUNDO SEMESTRE;202008;AGO;8;16;4
20200817;17/08/2020;2020;SEGUNDO SEMESTRE;202008;AGO;8;17;4
20200818;18/08/2020;2020;SEGUNDO SEMESTRE;202008;AGO;8;18;4
20200819;19/08/2020;2020;SEGUNDO SEMESTRE;202008;AGO;8;19;4
20200820;20/08/2020;2020;SEGUNDO SEMESTRE;202008;AGO;8;20;4
20200821;21/08/2020;2020;SEGUNDO SEMESTRE;202008;AGO;8;21;4
20200822;22/08/2020;2020;SEGUNDO SEMESTRE;202008;AGO;8;22;4
20200823;23/08/2020;2020;SEGUNDO SEMESTRE;202008;AGO;8;23;5
20200824;24/08/2020;2020;SEGUNDO SEMESTRE;202008;AGO;8;24;5
20200825;25/08/2020;2020;SEGUNDO SEMESTRE;202008;AGO;8;25;5
20200826;26/08/2020;2020;SEGUNDO SEMESTRE;202008;AGO;8;26;5
20200827;27/08/2020;2020;SEGUNDO SEMESTRE;202008;AGO;8;27;5
20200828;28/08/2020;2020;SEGUNDO SEMESTRE;202008;AGO;8;28;5
20200829;29/08/2020;2020;SEGUNDO SEMESTRE;202008;AGO;8;29;5
20200830;30/08/2020;2020;SEGUNDO SEMESTRE;202008;AGO;8;30;6
20200831;31/08/2020;2020;SEGUNDO SEMESTRE;202008;AGO;8;31;6
20200901;01/09/2020;2020;SEGUNDO SEMESTRE;202009;SEP;9;1;1
20200902;02/09/2020;2020;SEGUNDO SEMESTRE;202009;SEP;9;2;1
20200903;03/09/2020;2020;SEGUNDO SEMESTRE;202009;SEP;9;3;1
20200904;04/09/2020;2020;SEGUNDO SEMESTRE;202009;SEP;9;4;1
20200905;05/09/2020;2020;SEGUNDO SEMESTRE;202009;SEP;9;5;1
20200906;06/09/2020;2020;SEGUNDO SEMESTRE;202009;SEP;9;6;2
20200907;07/09/2020;2020;SEGUNDO SEMESTRE;202009;SEP;9;7;2
20200908;08/09/2020;2020;SEGUNDO SEMESTRE;202009;SEP;9;8;2
20200909;09/09/2020;2020;SEGUNDO SEMESTRE;202009;SEP;9;9;2
20200910;10/09/2020;2020;SEGUNDO SEMESTRE;202009;SEP;9;10;2
20200911;11/09/2020;2020;SEGUNDO SEMESTRE;202009;SEP;9;11;2
20200912;12/09/2020;2020;SEGUNDO SEMESTRE;202009;SEP;9;12;2
20200913;13/09/2020;2020;SEGUNDO SEMESTRE;202009;SEP;9;13;3
20200914;14/09/2020;2020;SEGUNDO SEMESTRE;202009;SEP;9;14;3
20200915;15/09/2020;2020;SEGUNDO SEMESTRE;202009;SEP;9;15;3
20200916;16/09/2020;2020;SEGUNDO SEMESTRE;202009;SEP;9;16;3
20200917;17/09/2020;2020;SEGUNDO SEMESTRE;202009;SEP;9;17;3
20200918;18/09/2020;2020;SEGUNDO SEMESTRE;202009;SEP;9;18;3
20200919;19/09/2020;2020;SEGUNDO SEMESTRE;202009;SEP;9;19;3
20200920;20/09/2020;2020;SEGUNDO SEMESTRE;202009;SEP;9;20;4
20200921;21/09/2020;2020;SEGUNDO SEMESTRE;202009;SEP;9;21;4
20200922;22/09/2020;2020;SEGUNDO SEMESTRE;202009;SEP;9;22;4
20200923;23/09/2020;2020;SEGUNDO SEMESTRE;202009;SEP;9;23;4
20200924;24/09/2020;2020;SEGUNDO SEMESTRE;202009;SEP;9;24;4
20200925;25/09/2020;2020;SEGUNDO SEMESTRE;202009;SEP;9;25;4
20200926;26/09/2020;2020;SEGUNDO SEMESTRE;202009;SEP;9;26;4
20200927;27/09/2020;2020;SEGUNDO SEMESTRE;202009;SEP;9;27;5
20200928;28/09/2020;2020;SEGUNDO SEMESTRE;202009;SEP;9;28;5
20200929;29/09/2020;2020;SEGUNDO SEMESTRE;202009;SEP;9;29;5
20200930;30/09/2020;2020;SEGUNDO SEMESTRE;202009;SEP;9;30;5
20201001;01/10/2020;2020;SEGUNDO SEMESTRE;202010;OCT;10;1;1
20201002;02/10/2020;2020;SEGUNDO SEMESTRE;202010;OCT;10;2;1
20201003;03/10/2020;2020;SEGUNDO SEMESTRE;202010;OCT;10;3;1
20201004;04/10/2020;2020;SEGUNDO SEMESTRE;202010;OCT;10;4;2
20201005;05/10/2020;2020;SEGUNDO SEMESTRE;202010;OCT;10;5;2
20201006;06/10/2020;2020;SEGUNDO SEMESTRE;202010;OCT;10;6;2
20201007;07/10/2020;2020;SEGUNDO SEMESTRE;202010;OCT;10;7;2
20201008;08/10/2020;2020;SEGUNDO SEMESTRE;202010;OCT;10;8;2
20201009;09/10/2020;2020;SEGUNDO SEMESTRE;202010;OCT;10;9;2
20201010;10/10/2020;2020;SEGUNDO SEMESTRE;202010;OCT;10;10;2
20201011;11/10/2020;2020;SEGUNDO SEMESTRE;202010;OCT;10;11;3
20201012;12/10/2020;2020;SEGUNDO SEMESTRE;202010;OCT;10;12;3
20201013;13/10/2020;2020;SEGUNDO SEMESTRE;202010;OCT;10;13;3
20201014;14/10/2020;2020;SEGUNDO SEMESTRE;202010;OCT;10;14;3
20201015;15/10/2020;2020;SEGUNDO SEMESTRE;202010;OCT;10;15;3
20201016;16/10/2020;2020;SEGUNDO SEMESTRE;202010;OCT;10;16;3
20201017;17/10/2020;2020;SEGUNDO SEMESTRE;202010;OCT;10;17;3
20201018;18/10/2020;2020;SEGUNDO SEMESTRE;202010;OCT;10;18;4
20201019;19/10/2020;2020;SEGUNDO SEMESTRE;202010;OCT;10;19;4
20201020;20/10/2020;2020;SEGUNDO SEMESTRE;202010;OCT;10;20;4
20201021;21/10/2020;2020;SEGUNDO SEMESTRE;202010;OCT;10;21;4
20201022;22/10/2020;2020;SEGUNDO SEMESTRE;202010;OCT;10;22;4
20201023;23/10/2020;2020;SEGUNDO SEMESTRE;202010;OCT;10;23;4
20201024;24/10/2020;2020;SEGUNDO SEMESTRE;202010;OCT;10;24;4
20201025;25/10/2020;2020;SEGUNDO SEMESTRE;202010;OCT;10;25;5
20201026;26/10/2020;2020;SEGUNDO SEMESTRE;202010;OCT;10;26;5
20201027;27/10/2020;2020;SEGUNDO SEMESTRE;202010;OCT;10;27;5
20201028;28/10/2020;2020;SEGUNDO SEMESTRE;202010;OCT;10;28;5
20201029;29/10/2020;2020;SEGUNDO SEMESTRE;202010;OCT;10;29;5
20201030;30/10/2020;2020;SEGUNDO SEMESTRE;202010;OCT;10;30;5
20201031;31/10/2020;2020;SEGUNDO SEMESTRE;202010;OCT;10;31;5
20201101;01/11/2020;2020;SEGUNDO SEMESTRE;202011;NOV;11;1;1
20201102;02/11/2020;2020;SEGUNDO SEMESTRE;202011;NOV;11;2;1
20201103;03/11/2020;2020;SEGUNDO SEMESTRE;202011;NOV;11;3;1
20201104;04/11/2020;2020;SEGUNDO SEMESTRE;202011;NOV;11;4;1
20201105;05/11/2020;2020;SEGUNDO SEMESTRE;202011;NOV;11;5;1
20201106;06/11/2020;2020;SEGUNDO SEMESTRE;202011;NOV;11;6;1
20201107;07/11/2020;2020;SEGUNDO SEMESTRE;202011;NOV;11;7;1
20201108;08/11/2020;2020;SEGUNDO SEMESTRE;202011;NOV;11;8;2
20201109;09/11/2020;2020;SEGUNDO SEMESTRE;202011;NOV;11;9;2
20201110;10/11/2020;2020;SEGUNDO SEMESTRE;202011;NOV;11;10;2
20201111;11/11/2020;2020;SEGUNDO SEMESTRE;202011;NOV;11;11;2
20201112;12/11/2020;2020;SEGUNDO SEMESTRE;202011;NOV;11;12;2
20201113;13/11/2020;2020;SEGUNDO SEMESTRE;202011;NOV;11;13;2
20201114;14/11/2020;2020;SEGUNDO SEMESTRE;202011;NOV;11;14;2
20201115;15/11/2020;2020;SEGUNDO SEMESTRE;202011;NOV;11;15;3
20201116;16/11/2020;2020;SEGUNDO SEMESTRE;202011;NOV;11;16;3
20201117;17/11/2020;2020;SEGUNDO SEMESTRE;202011;NOV;11;17;3
20201118;18/11/2020;2020;SEGUNDO SEMESTRE;202011;NOV;11;18;3
20201119;19/11/2020;2020;SEGUNDO SEMESTRE;202011;NOV;11;19;3
20201120;20/11/2020;2020;SEGUNDO SEMESTRE;202011;NOV;11;20;3
20201121;21/11/2020;2020;SEGUNDO SEMESTRE;202011;NOV;11;21;3
20201122;22/11/2020;2020;SEGUNDO SEMESTRE;202011;NOV;11;22;4
20201123;23/11/2020;2020;SEGUNDO SEMESTRE;202011;NOV;11;23;4
20201124;24/11/2020;2020;SEGUNDO SEMESTRE;202011;NOV;11;24;4
20201125;25/11/2020;2020;SEGUNDO SEMESTRE;202011;NOV;11;25;4
20201126;26/11/2020;2020;SEGUNDO SEMESTRE;202011;NOV;11;26;4
20201127;27/11/2020;2020;SEGUNDO SEMESTRE;202011;NOV;11;27;4
20201128;28/11/2020;2020;SEGUNDO SEMESTRE;202011;NOV;11;28;4
20201129;29/11/2020;2020;SEGUNDO SEMESTRE;202011;NOV;11;29;5
20201130;30/11/2020;2020;SEGUNDO SEMESTRE;202011;NOV;11;30;5
20201201;01/12/2020;2020;SEGUNDO SEMESTRE;202012;DIC;12;1;1
20201202;02/12/2020;2020;SEGUNDO SEMESTRE;202012;DIC;12;2;1
20201203;03/12/2020;2020;SEGUNDO SEMESTRE;202012;DIC;12;3;1
20201204;04/12/2020;2020;SEGUNDO SEMESTRE;202012;DIC;12;4;1
20201205;05/12/2020;2020;SEGUNDO SEMESTRE;202012;DIC;12;5;1
20201206;06/12/2020;2020;SEGUNDO SEMESTRE;202012;DIC;12;6;2
20201207;07/12/2020;2020;SEGUNDO SEMESTRE;202012;DIC;12;7;2
20201208;08/12/2020;2020;SEGUNDO SEMESTRE;202012;DIC;12;8;2
20201209;09/12/2020;2020;SEGUNDO SEMESTRE;202012;DIC;12;9;2
20201210;10/12/2020;2020;SEGUNDO SEMESTRE;202012;DIC;12;10;2
20201211;11/12/2020;2020;SEGUNDO SEMESTRE;202012;DIC;12;11;2
20201212;12/12/2020;2020;SEGUNDO SEMESTRE;202012;DIC;12;12;2
20201213;13/12/2020;2020;SEGUNDO SEMESTRE;202012;DIC;12;13;3
20201214;14/12/2020;2020;SEGUNDO SEMESTRE;202012;DIC;12;14;3
20201215;15/12/2020;2020;SEGUNDO SEMESTRE;202012;DIC;12;15;3
20201216;16/12/2020;2020;SEGUNDO SEMESTRE;202012;DIC;12;16;3
20201217;17/12/2020;2020;SEGUNDO SEMESTRE;202012;DIC;12;17;3
20201218;18/12/2020;2020;SEGUNDO SEMESTRE;202012;DIC;12;18;3
20201219;19/12/2020;2020;SEGUNDO SEMESTRE;202012;DIC;12;19;3
20201220;20/12/2020;2020;SEGUNDO SEMESTRE;202012;DIC;12;20;4
20201221;21/12/2020;2020;SEGUNDO SEMESTRE;202012;DIC;12;21;4
20201222;22/12/2020;2020;SEGUNDO SEMESTRE;202012;DIC;12;22;4
20201223;23/12/2020;2020;SEGUNDO SEMESTRE;202012;DIC;12;23;4
20201224;24/12/2020;2020;SEGUNDO SEMESTRE;202012;DIC;12;24;4
20201225;25/12/2020;2020;SEGUNDO SEMESTRE;202012;DIC;12;25;4
20201226;26/12/2020;2020;SEGUNDO SEMESTRE;202012;DIC;12;26;4
20201227;27/12/2020;2020;SEGUNDO SEMESTRE;202012;DIC;12;27;5
20201228;28/12/2020;2020;SEGUNDO SEMESTRE;202012;DIC;12;28;5
20201229;29/12/2020;2020;SEGUNDO SEMESTRE;202012;DIC;12;29;5
20201230;30/12/2020;2020;SEGUNDO SEMESTRE;202012;DIC;12;30;5
20201231;31/12/2020;2020;SEGUNDO SEMESTRE;202012;DIC;12;31;5
20210101;01/01/2021;2021;PRIMER SEMESTRE;202101;ENE;1;1;1
20210102;02/01/2021;2021;PRIMER SEMESTRE;202101;ENE;1;2;1
20210103;03/01/2021;2021;PRIMER SEMESTRE;202101;ENE;1;3;2
20210104;04/01/2021;2021;PRIMER SEMESTRE;202101;ENE;1;4;2
20210105;05/01/2021;2021;PRIMER SEMESTRE;202101;ENE;1;5;2
20210106;06/01/2021;2021;PRIMER SEMESTRE;202101;ENE;1;6;2
20210107;07/01/2021;2021;PRIMER SEMESTRE;202101;ENE;1;7;2
20210108;08/01/2021;2021;PRIMER SEMESTRE;202101;ENE;1;8;2
20210109;09/01/2021;2021;PRIMER SEMESTRE;202101;ENE;1;9;2
20210110;10/01/2021;2021;PRIMER SEMESTRE;202101;ENE;1;10;3
20210111;11/01/2021;2021;PRIMER SEMESTRE;202101;ENE;1;11;3
20210112;12/01/2021;2021;PRIMER SEMESTRE;202101;ENE;1;12;3
20210113;13/01/2021;2021;PRIMER SEMESTRE;202101;ENE;1;13;3
20210114;14/01/2021;2021;PRIMER SEMESTRE;202101;ENE;1;14;3
20210115;15/01/2021;2021;PRIMER SEMESTRE;202101;ENE;1;15;3
20210116;16/01/2021;2021;PRIMER SEMESTRE;202101;ENE;1;16;3
20210117;17/01/2021;2021;PRIMER SEMESTRE;202101;ENE;1;17;4
20210118;18/01/2021;2021;PRIMER SEMESTRE;202101;ENE;1;18;4
20210119;19/01/2021;2021;PRIMER SEMESTRE;202101;ENE;1;19;4
20210120;20/01/2021;2021;PRIMER SEMESTRE;202101;ENE;1;20;4
20210121;21/01/2021;2021;PRIMER SEMESTRE;202101;ENE;1;21;4
20210122;22/01/2021;2021;PRIMER SEMESTRE;202101;ENE;1;22;4
20210123;23/01/2021;2021;PRIMER SEMESTRE;202101;ENE;1;23;4
20210124;24/01/2021;2021;PRIMER SEMESTRE;202101;ENE;1;24;5
20210125;25/01/2021;2021;PRIMER SEMESTRE;202101;ENE;1;25;5
20210126;26/01/2021;2021;PRIMER SEMESTRE;202101;ENE;1;26;5
20210127;27/01/2021;2021;PRIMER SEMESTRE;202101;ENE;1;27;5
20210128;28/01/2021;2021;PRIMER SEMESTRE;202101;ENE;1;28;5
20210129;29/01/2021;2021;PRIMER SEMESTRE;202101;ENE;1;29;5
20210130;30/01/2021;2021;PRIMER SEMESTRE;202101;ENE;1;30;5
20210131;31/01/2021;2021;PRIMER SEMESTRE;202101;ENE;1;31;6
20210201;01/02/2021;2021;PRIMER SEMESTRE;202102;FEB;2;1;1
20210202;02/02/2021;2021;PRIMER SEMESTRE;202102;FEB;2;2;1
20210203;03/02/2021;2021;PRIMER SEMESTRE;202102;FEB;2;3;1
20210204;04/02/2021;2021;PRIMER SEMESTRE;202102;FEB;2;4;1
20210205;05/02/2021;2021;PRIMER SEMESTRE;202102;FEB;2;5;1
20210206;06/02/2021;2021;PRIMER SEMESTRE;202102;FEB;2;6;1
20210207;07/02/2021;2021;PRIMER SEMESTRE;202102;FEB;2;7;2
20210208;08/02/2021;2021;PRIMER SEMESTRE;202102;FEB;2;8;2
20210209;09/02/2021;2021;PRIMER SEMESTRE;202102;FEB;2;9;2
20210210;10/02/2021;2021;PRIMER SEMESTRE;202102;FEB;2;10;2
20210211;11/02/2021;2021;PRIMER SEMESTRE;202102;FEB;2;11;2
20210212;12/02/2021;2021;PRIMER SEMESTRE;202102;FEB;2;12;2
20210213;13/02/2021;2021;PRIMER SEMESTRE;202102;FEB;2;13;2
20210214;14/02/2021;2021;PRIMER SEMESTRE;202102;FEB;2;14;3
20210215;15/02/2021;2021;PRIMER SEMESTRE;202102;FEB;2;15;3
20210216;16/02/2021;2021;PRIMER SEMESTRE;202102;FEB;2;16;3
20210217;17/02/2021;2021;PRIMER SEMESTRE;202102;FEB;2;17;3
20210218;18/02/2021;2021;PRIMER SEMESTRE;202102;FEB;2;18;3
20210219;19/02/2021;2021;PRIMER SEMESTRE;202102;FEB;2;19;3
20210220;20/02/2021;2021;PRIMER SEMESTRE;202102;FEB;2;20;3
20210221;21/02/2021;2021;PRIMER SEMESTRE;202102;FEB;2;21;4
20210222;22/02/2021;2021;PRIMER SEMESTRE;202102;FEB;2;22;4
20210223;23/02/2021;2021;PRIMER SEMESTRE;202102;FEB;2;23;4
20210224;24/02/2021;2021;PRIMER SEMESTRE;202102;FEB;2;24;4
20210225;25/02/2021;2021;PRIMER SEMESTRE;202102;FEB;2;25;4
20210226;26/02/2021;2021;PRIMER SEMESTRE;202102;FEB;2;26;4
20210227;27/02/2021;2021;PRIMER SEMESTRE;202102;FEB;2;27;4
20210228;28/02/2021;2021;PRIMER SEMESTRE;202102;FEB;2;28;5
20210301;01/03/2021;2021;PRIMER SEMESTRE;202103;MAR;3;1;1
20210302;02/03/2021;2021;PRIMER SEMESTRE;202103;MAR;3;2;1
20210303;03/03/2021;2021;PRIMER SEMESTRE;202103;MAR;3;3;1
20210304;04/03/2021;2021;PRIMER SEMESTRE;202103;MAR;3;4;1
20210305;05/03/2021;2021;PRIMER SEMESTRE;202103;MAR;3;5;1
20210306;06/03/2021;2021;PRIMER SEMESTRE;202103;MAR;3;6;1
20210307;07/03/2021;2021;PRIMER SEMESTRE;202103;MAR;3;7;2
20210308;08/03/2021;2021;PRIMER SEMESTRE;202103;MAR;3;8;2
20210309;09/03/2021;2021;PRIMER SEMESTRE;202103;MAR;3;9;2
20210310;10/03/2021;2021;PRIMER SEMESTRE;202103;MAR;3;10;2
20210311;11/03/2021;2021;PRIMER SEMESTRE;202103;MAR;3;11;2
20210312;12/03/2021;2021;PRIMER SEMESTRE;202103;MAR;3;12;2
20210313;13/03/2021;2021;PRIMER SEMESTRE;202103;MAR;3;13;2
20210314;14/03/2021;2021;PRIMER SEMESTRE;202103;MAR;3;14;3
20210315;15/03/2021;2021;PRIMER SEMESTRE;202103;MAR;3;15;3
20210316;16/03/2021;2021;PRIMER SEMESTRE;202103;MAR;3;16;3
20210317;17/03/2021;2021;PRIMER SEMESTRE;202103;MAR;3;17;3
20210318;18/03/2021;2021;PRIMER SEMESTRE;202103;MAR;3;18;3
20210319;19/03/2021;2021;PRIMER SEMESTRE;202103;MAR;3;19;3
20210320;20/03/2021;2021;PRIMER SEMESTRE;202103;MAR;3;20;3
20210321;21/03/2021;2021;PRIMER SEMESTRE;202103;MAR;3;21;4
20210322;22/03/2021;2021;PRIMER SEMESTRE;202103;MAR;3;22;4
20210323;23/03/2021;2021;PRIMER SEMESTRE;202103;MAR;3;23;4
20210324;24/03/2021;2021;PRIMER SEMESTRE;202103;MAR;3;24;4
20210325;25/03/2021;2021;PRIMER SEMESTRE;202103;MAR;3;25;4
20210326;26/03/2021;2021;PRIMER SEMESTRE;202103;MAR;3;26;4
20210327;27/03/2021;2021;PRIMER SEMESTRE;202103;MAR;3;27;4
20210328;28/03/2021;2021;PRIMER SEMESTRE;202103;MAR;3;28;5
20210329;29/03/2021;2021;PRIMER SEMESTRE;202103;MAR;3;29;5
20210330;30/03/2021;2021;PRIMER SEMESTRE;202103;MAR;3;30;5
20210331;31/03/2021;2021;PRIMER SEMESTRE;202103;MAR;3;31;5
20210401;01/04/2021;2021;PRIMER SEMESTRE;202104;ABR;4;1;1
20210402;02/04/2021;2021;PRIMER SEMESTRE;202104;ABR;4;2;1
20210403;03/04/2021;2021;PRIMER SEMESTRE;202104;ABR;4;3;1
20210404;04/04/2021;2021;PRIMER SEMESTRE;202104;ABR;4;4;2
20210405;05/04/2021;2021;PRIMER SEMESTRE;202104;ABR;4;5;2
20210406;06/04/2021;2021;PRIMER SEMESTRE;202104;ABR;4;6;2
20210407;07/04/2021;2021;PRIMER SEMESTRE;202104;ABR;4;7;2
20210408;08/04/2021;2021;PRIMER SEMESTRE;202104;ABR;4;8;2
20210409;09/04/2021;2021;PRIMER SEMESTRE;202104;ABR;4;9;2
20210410;10/04/2021;2021;PRIMER SEMESTRE;202104;ABR;4;10;2
20210411;11/04/2021;2021;PRIMER SEMESTRE;202104;ABR;4;11;3
20210412;12/04/2021;2021;PRIMER SEMESTRE;202104;ABR;4;12;3
20210413;13/04/2021;2021;PRIMER SEMESTRE;202104;ABR;4;13;3
20210414;14/04/2021;2021;PRIMER SEMESTRE;202104;ABR;4;14;3
20210415;15/04/2021;2021;PRIMER SEMESTRE;202104;ABR;4;15;3
20210416;16/04/2021;2021;PRIMER SEMESTRE;202104;ABR;4;16;3
20210417;17/04/2021;2021;PRIMER SEMESTRE;202104;ABR;4;17;3
20210418;18/04/2021;2021;PRIMER SEMESTRE;202104;ABR;4;18;4
20210419;19/04/2021;2021;PRIMER SEMESTRE;202104;ABR;4;19;4
20210420;20/04/2021;2021;PRIMER SEMESTRE;202104;ABR;4;20;4
20210421;21/04/2021;2021;PRIMER SEMESTRE;202104;ABR;4;21;4
20210422;22/04/2021;2021;PRIMER SEMESTRE;202104;ABR;4;22;4
20210423;23/04/2021;2021;PRIMER SEMESTRE;202104;ABR;4;23;4
20210424;24/04/2021;2021;PRIMER SEMESTRE;202104;ABR;4;24;4
20210425;25/04/2021;2021;PRIMER SEMESTRE;202104;ABR;4;25;5
20210426;26/04/2021;2021;PRIMER SEMESTRE;202104;ABR;4;26;5
20210427;27/04/2021;2021;PRIMER SEMESTRE;202104;ABR;4;27;5
20210428;28/04/2021;2021;PRIMER SEMESTRE;202104;ABR;4;28;5
20210429;29/04/2021;2021;PRIMER SEMESTRE;202104;ABR;4;29;5
20210430;30/04/2021;2021;PRIMER SEMESTRE;202104;ABR;4;30;5
20210501;01/05/2021;2021;PRIMER SEMESTRE;202105;MAY;5;1;1
20210502;02/05/2021;2021;PRIMER SEMESTRE;202105;MAY;5;2;2
20210503;03/05/2021;2021;PRIMER SEMESTRE;202105;MAY;5;3;2
20210504;04/05/2021;2021;PRIMER SEMESTRE;202105;MAY;5;4;2
20210505;05/05/2021;2021;PRIMER SEMESTRE;202105;MAY;5;5;2
20210506;06/05/2021;2021;PRIMER SEMESTRE;202105;MAY;5;6;2
20210507;07/05/2021;2021;PRIMER SEMESTRE;202105;MAY;5;7;2
20210508;08/05/2021;2021;PRIMER SEMESTRE;202105;MAY;5;8;2
20210509;09/05/2021;2021;PRIMER SEMESTRE;202105;MAY;5;9;3
20210510;10/05/2021;2021;PRIMER SEMESTRE;202105;MAY;5;10;3
20210511;11/05/2021;2021;PRIMER SEMESTRE;202105;MAY;5;11;3
20210512;12/05/2021;2021;PRIMER SEMESTRE;202105;MAY;5;12;3
20210513;13/05/2021;2021;PRIMER SEMESTRE;202105;MAY;5;13;3
20210514;14/05/2021;2021;PRIMER SEMESTRE;202105;MAY;5;14;3
20210515;15/05/2021;2021;PRIMER SEMESTRE;202105;MAY;5;15;3
20210516;16/05/2021;2021;PRIMER SEMESTRE;202105;MAY;5;16;4
20210517;17/05/2021;2021;PRIMER SEMESTRE;202105;MAY;5;17;4
20210518;18/05/2021;2021;PRIMER SEMESTRE;202105;MAY;5;18;4
20210519;19/05/2021;2021;PRIMER SEMESTRE;202105;MAY;5;19;4
20210520;20/05/2021;2021;PRIMER SEMESTRE;202105;MAY;5;20;4
20210521;21/05/2021;2021;PRIMER SEMESTRE;202105;MAY;5;21;4
20210522;22/05/2021;2021;PRIMER SEMESTRE;202105;MAY;5;22;4
20210523;23/05/2021;2021;PRIMER SEMESTRE;202105;MAY;5;23;5
20210524;24/05/2021;2021;PRIMER SEMESTRE;202105;MAY;5;24;5
20210525;25/05/2021;2021;PRIMER SEMESTRE;202105;MAY;5;25;5
20210526;26/05/2021;2021;PRIMER SEMESTRE;202105;MAY;5;26;5
20210527;27/05/2021;2021;PRIMER SEMESTRE;202105;MAY;5;27;5
20210528;28/05/2021;2021;PRIMER SEMESTRE;202105;MAY;5;28;5
20210529;29/05/2021;2021;PRIMER SEMESTRE;202105;MAY;5;29;5
20210530;30/05/2021;2021;PRIMER SEMESTRE;202105;MAY;5;30;6
20210531;31/05/2021;2021;PRIMER SEMESTRE;202105;MAY;5;31;6
20210601;01/06/2021;2021;PRIMER SEMESTRE;202106;JUN;6;1;1
20210602;02/06/2021;2021;PRIMER SEMESTRE;202106;JUN;6;2;1
20210603;03/06/2021;2021;PRIMER SEMESTRE;202106;JUN;6;3;1
20210604;04/06/2021;2021;PRIMER SEMESTRE;202106;JUN;6;4;1
20210605;05/06/2021;2021;PRIMER SEMESTRE;202106;JUN;6;5;1
20210606;06/06/2021;2021;PRIMER SEMESTRE;202106;JUN;6;6;2
20210607;07/06/2021;2021;PRIMER SEMESTRE;202106;JUN;6;7;2
20210608;08/06/2021;2021;PRIMER SEMESTRE;202106;JUN;6;8;2
20210609;09/06/2021;2021;PRIMER SEMESTRE;202106;JUN;6;9;2
20210610;10/06/2021;2021;PRIMER SEMESTRE;202106;JUN;6;10;2
20210611;11/06/2021;2021;PRIMER SEMESTRE;202106;JUN;6;11;2
20210612;12/06/2021;2021;PRIMER SEMESTRE;202106;JUN;6;12;2
20210613;13/06/2021;2021;PRIMER SEMESTRE;202106;JUN;6;13;3
20210614;14/06/2021;2021;PRIMER SEMESTRE;202106;JUN;6;14;3
20210615;15/06/2021;2021;PRIMER SEMESTRE;202106;JUN;6;15;3
20210616;16/06/2021;2021;PRIMER SEMESTRE;202106;JUN;6;16;3
20210617;17/06/2021;2021;PRIMER SEMESTRE;202106;JUN;6;17;3
20210618;18/06/2021;2021;PRIMER SEMESTRE;202106;JUN;6;18;3
20210619;19/06/2021;2021;PRIMER SEMESTRE;202106;JUN;6;19;3
20210620;20/06/2021;2021;PRIMER SEMESTRE;202106;JUN;6;20;4
20210621;21/06/2021;2021;PRIMER SEMESTRE;202106;JUN;6;21;4
20210622;22/06/2021;2021;PRIMER SEMESTRE;202106;JUN;6;22;4
20210623;23/06/2021;2021;PRIMER SEMESTRE;202106;JUN;6;23;4
20210624;24/06/2021;2021;PRIMER SEMESTRE;202106;JUN;6;24;4
20210625;25/06/2021;2021;PRIMER SEMESTRE;202106;JUN;6;25;4
20210626;26/06/2021;2021;PRIMER SEMESTRE;202106;JUN;6;26;4
20210627;27/06/2021;2021;PRIMER SEMESTRE;202106;JUN;6;27;5
20210628;28/06/2021;2021;PRIMER SEMESTRE;202106;JUN;6;28;5
20210629;29/06/2021;2021;PRIMER SEMESTRE;202106;JUN;6;29;5
20210630;30/06/2021;2021;PRIMER SEMESTRE;202106;JUN;6;30;5
20210701;01/07/2021;2021;SEGUNDO SEMESTRE;202107;JUL;7;1;1
20210702;02/07/2021;2021;SEGUNDO SEMESTRE;202107;JUL;7;2;1
20210703;03/07/2021;2021;SEGUNDO SEMESTRE;202107;JUL;7;3;1
20210704;04/07/2021;2021;SEGUNDO SEMESTRE;202107;JUL;7;4;2
20210705;05/07/2021;2021;SEGUNDO SEMESTRE;202107;JUL;7;5;2
20210706;06/07/2021;2021;SEGUNDO SEMESTRE;202107;JUL;7;6;2
20210707;07/07/2021;2021;SEGUNDO SEMESTRE;202107;JUL;7;7;2
20210708;08/07/2021;2021;SEGUNDO SEMESTRE;202107;JUL;7;8;2
20210709;09/07/2021;2021;SEGUNDO SEMESTRE;202107;JUL;7;9;2
20210710;10/07/2021;2021;SEGUNDO SEMESTRE;202107;JUL;7;10;2
20210711;11/07/2021;2021;SEGUNDO SEMESTRE;202107;JUL;7;11;3
20210712;12/07/2021;2021;SEGUNDO SEMESTRE;202107;JUL;7;12;3
20210713;13/07/2021;2021;SEGUNDO SEMESTRE;202107;JUL;7;13;3
20210714;14/07/2021;2021;SEGUNDO SEMESTRE;202107;JUL;7;14;3
20210715;15/07/2021;2021;SEGUNDO SEMESTRE;202107;JUL;7;15;3
20210716;16/07/2021;2021;SEGUNDO SEMESTRE;202107;JUL;7;16;3
20210717;17/07/2021;2021;SEGUNDO SEMESTRE;202107;JUL;7;17;3
20210718;18/07/2021;2021;SEGUNDO SEMESTRE;202107;JUL;7;18;4
20210719;19/07/2021;2021;SEGUNDO SEMESTRE;202107;JUL;7;19;4
20210720;20/07/2021;2021;SEGUNDO SEMESTRE;202107;JUL;7;20;4
20210721;21/07/2021;2021;SEGUNDO SEMESTRE;202107;JUL;7;21;4
20210722;22/07/2021;2021;SEGUNDO SEMESTRE;202107;JUL;7;22;4
20210723;23/07/2021;2021;SEGUNDO SEMESTRE;202107;JUL;7;23;4
20210724;24/07/2021;2021;SEGUNDO SEMESTRE;202107;JUL;7;24;4
20210725;25/07/2021;2021;SEGUNDO SEMESTRE;202107;JUL;7;25;5
20210726;26/07/2021;2021;SEGUNDO SEMESTRE;202107;JUL;7;26;5
20210727;27/07/2021;2021;SEGUNDO SEMESTRE;202107;JUL;7;27;5
20210728;28/07/2021;2021;SEGUNDO SEMESTRE;202107;JUL;7;28;5
20210729;29/07/2021;2021;SEGUNDO SEMESTRE;202107;JUL;7;29;5
20210730;30/07/2021;2021;SEGUNDO SEMESTRE;202107;JUL;7;30;5
20210731;31/07/2021;2021;SEGUNDO SEMESTRE;202107;JUL;7;31;5
20210801;01/08/2021;2021;SEGUNDO SEMESTRE;202108;AGO;8;1;1
20210802;02/08/2021;2021;SEGUNDO SEMESTRE;202108;AGO;8;2;1
20210803;03/08/2021;2021;SEGUNDO SEMESTRE;202108;AGO;8;3;1
20210804;04/08/2021;2021;SEGUNDO SEMESTRE;202108;AGO;8;4;1
20210805;05/08/2021;2021;SEGUNDO SEMESTRE;202108;AGO;8;5;1
20210806;06/08/2021;2021;SEGUNDO SEMESTRE;202108;AGO;8;6;1
20210807;07/08/2021;2021;SEGUNDO SEMESTRE;202108;AGO;8;7;1
20210808;08/08/2021;2021;SEGUNDO SEMESTRE;202108;AGO;8;8;2
20210809;09/08/2021;2021;SEGUNDO SEMESTRE;202108;AGO;8;9;2
20210810;10/08/2021;2021;SEGUNDO SEMESTRE;202108;AGO;8;10;2
20210811;11/08/2021;2021;SEGUNDO SEMESTRE;202108;AGO;8;11;2
20210812;12/08/2021;2021;SEGUNDO SEMESTRE;202108;AGO;8;12;2
20210813;13/08/2021;2021;SEGUNDO SEMESTRE;202108;AGO;8;13;2
20210814;14/08/2021;2021;SEGUNDO SEMESTRE;202108;AGO;8;14;2
20210815;15/08/2021;2021;SEGUNDO SEMESTRE;202108;AGO;8;15;3
20210816;16/08/2021;2021;SEGUNDO SEMESTRE;202108;AGO;8;16;3
20210817;17/08/2021;2021;SEGUNDO SEMESTRE;202108;AGO;8;17;3
20210818;18/08/2021;2021;SEGUNDO SEMESTRE;202108;AGO;8;18;3
20210819;19/08/2021;2021;SEGUNDO SEMESTRE;202108;AGO;8;19;3
20210820;20/08/2021;2021;SEGUNDO SEMESTRE;202108;AGO;8;20;3
20210821;21/08/2021;2021;SEGUNDO SEMESTRE;202108;AGO;8;21;3
20210822;22/08/2021;2021;SEGUNDO SEMESTRE;202108;AGO;8;22;4
20210823;23/08/2021;2021;SEGUNDO SEMESTRE;202108;AGO;8;23;4
20210824;24/08/2021;2021;SEGUNDO SEMESTRE;202108;AGO;8;24;4
20210825;25/08/2021;2021;SEGUNDO SEMESTRE;202108;AGO;8;25;4
20210826;26/08/2021;2021;SEGUNDO SEMESTRE;202108;AGO;8;26;4
20210827;27/08/2021;2021;SEGUNDO SEMESTRE;202108;AGO;8;27;4
20210828;28/08/2021;2021;SEGUNDO SEMESTRE;202108;AGO;8;28;4
20210829;29/08/2021;2021;SEGUNDO SEMESTRE;202108;AGO;8;29;5
20210830;30/08/2021;2021;SEGUNDO SEMESTRE;202108;AGO;8;30;5
20210831;31/08/2021;2021;SEGUNDO SEMESTRE;202108;AGO;8;31;5
20210901;01/09/2021;2021;SEGUNDO SEMESTRE;202109;SEP;9;1;1
20210902;02/09/2021;2021;SEGUNDO SEMESTRE;202109;SEP;9;2;1
20210903;03/09/2021;2021;SEGUNDO SEMESTRE;202109;SEP;9;3;1
20210904;04/09/2021;2021;SEGUNDO SEMESTRE;202109;SEP;9;4;1
20210905;05/09/2021;2021;SEGUNDO SEMESTRE;202109;SEP;9;5;2
20210906;06/09/2021;2021;SEGUNDO SEMESTRE;202109;SEP;9;6;2
20210907;07/09/2021;2021;SEGUNDO SEMESTRE;202109;SEP;9;7;2
20210908;08/09/2021;2021;SEGUNDO SEMESTRE;202109;SEP;9;8;2
20210909;09/09/2021;2021;SEGUNDO SEMESTRE;202109;SEP;9;9;2
20210910;10/09/2021;2021;SEGUNDO SEMESTRE;202109;SEP;9;10;2
20210911;11/09/2021;2021;SEGUNDO SEMESTRE;202109;SEP;9;11;2
20210912;12/09/2021;2021;SEGUNDO SEMESTRE;202109;SEP;9;12;3
20210913;13/09/2021;2021;SEGUNDO SEMESTRE;202109;SEP;9;13;3
20210914;14/09/2021;2021;SEGUNDO SEMESTRE;202109;SEP;9;14;3
20210915;15/09/2021;2021;SEGUNDO SEMESTRE;202109;SEP;9;15;3
20210916;16/09/2021;2021;SEGUNDO SEMESTRE;202109;SEP;9;16;3
20210917;17/09/2021;2021;SEGUNDO SEMESTRE;202109;SEP;9;17;3
20210918;18/09/2021;2021;SEGUNDO SEMESTRE;202109;SEP;9;18;3
20210919;19/09/2021;2021;SEGUNDO SEMESTRE;202109;SEP;9;19;4
20210920;20/09/2021;2021;SEGUNDO SEMESTRE;202109;SEP;9;20;4
20210921;21/09/2021;2021;SEGUNDO SEMESTRE;202109;SEP;9;21;4
20210922;22/09/2021;2021;SEGUNDO SEMESTRE;202109;SEP;9;22;4
20210923;23/09/2021;2021;SEGUNDO SEMESTRE;202109;SEP;9;23;4
20210924;24/09/2021;2021;SEGUNDO SEMESTRE;202109;SEP;9;24;4
20210925;25/09/2021;2021;SEGUNDO SEMESTRE;202109;SEP;9;25;4
20210926;26/09/2021;2021;SEGUNDO SEMESTRE;202109;SEP;9;26;5
20210927;27/09/2021;2021;SEGUNDO SEMESTRE;202109;SEP;9;27;5
20210928;28/09/2021;2021;SEGUNDO SEMESTRE;202109;SEP;9;28;5
20210929;29/09/2021;2021;SEGUNDO SEMESTRE;202109;SEP;9;29;5
20210930;30/09/2021;2021;SEGUNDO SEMESTRE;202109;SEP;9;30;5
20211001;01/10/2021;2021;SEGUNDO SEMESTRE;202110;OCT;10;1;1
20211002;02/10/2021;2021;SEGUNDO SEMESTRE;202110;OCT;10;2;1
20211003;03/10/2021;2021;SEGUNDO SEMESTRE;202110;OCT;10;3;2
20211004;04/10/2021;2021;SEGUNDO SEMESTRE;202110;OCT;10;4;2
20211005;05/10/2021;2021;SEGUNDO SEMESTRE;202110;OCT;10;5;2
20211006;06/10/2021;2021;SEGUNDO SEMESTRE;202110;OCT;10;6;2
20211007;07/10/2021;2021;SEGUNDO SEMESTRE;202110;OCT;10;7;2
20211008;08/10/2021;2021;SEGUNDO SEMESTRE;202110;OCT;10;8;2
20211009;09/10/2021;2021;SEGUNDO SEMESTRE;202110;OCT;10;9;2
20211010;10/10/2021;2021;SEGUNDO SEMESTRE;202110;OCT;10;10;3
20211011;11/10/2021;2021;SEGUNDO SEMESTRE;202110;OCT;10;11;3
20211012;12/10/2021;2021;SEGUNDO SEMESTRE;202110;OCT;10;12;3
20211013;13/10/2021;2021;SEGUNDO SEMESTRE;202110;OCT;10;13;3
20211014;14/10/2021;2021;SEGUNDO SEMESTRE;202110;OCT;10;14;3
20211015;15/10/2021;2021;SEGUNDO SEMESTRE;202110;OCT;10;15;3
20211016;16/10/2021;2021;SEGUNDO SEMESTRE;202110;OCT;10;16;3
20211017;17/10/2021;2021;SEGUNDO SEMESTRE;202110;OCT;10;17;4
20211018;18/10/2021;2021;SEGUNDO SEMESTRE;202110;OCT;10;18;4
20211019;19/10/2021;2021;SEGUNDO SEMESTRE;202110;OCT;10;19;4
20211020;20/10/2021;2021;SEGUNDO SEMESTRE;202110;OCT;10;20;4
20211021;21/10/2021;2021;SEGUNDO SEMESTRE;202110;OCT;10;21;4
20211022;22/10/2021;2021;SEGUNDO SEMESTRE;202110;OCT;10;22;4
20211023;23/10/2021;2021;SEGUNDO SEMESTRE;202110;OCT;10;23;4
20211024;24/10/2021;2021;SEGUNDO SEMESTRE;202110;OCT;10;24;5
20211025;25/10/2021;2021;SEGUNDO SEMESTRE;202110;OCT;10;25;5
20211026;26/10/2021;2021;SEGUNDO SEMESTRE;202110;OCT;10;26;5
20211027;27/10/2021;2021;SEGUNDO SEMESTRE;202110;OCT;10;27;5
20211028;28/10/2021;2021;SEGUNDO SEMESTRE;202110;OCT;10;28;5
20211029;29/10/2021;2021;SEGUNDO SEMESTRE;202110;OCT;10;29;5
20211030;30/10/2021;2021;SEGUNDO SEMESTRE;202110;OCT;10;30;5
20211031;31/10/2021;2021;SEGUNDO SEMESTRE;202110;OCT;10;31;6
20211101;01/11/2021;2021;SEGUNDO SEMESTRE;202111;NOV;11;1;1
20211102;02/11/2021;2021;SEGUNDO SEMESTRE;202111;NOV;11;2;1
20211103;03/11/2021;2021;SEGUNDO SEMESTRE;202111;NOV;11;3;1
20211104;04/11/2021;2021;SEGUNDO SEMESTRE;202111;NOV;11;4;1
20211105;05/11/2021;2021;SEGUNDO SEMESTRE;202111;NOV;11;5;1
20211106;06/11/2021;2021;SEGUNDO SEMESTRE;202111;NOV;11;6;1
20211107;07/11/2021;2021;SEGUNDO SEMESTRE;202111;NOV;11;7;2
20211108;08/11/2021;2021;SEGUNDO SEMESTRE;202111;NOV;11;8;2
20211109;09/11/2021;2021;SEGUNDO SEMESTRE;202111;NOV;11;9;2
20211110;10/11/2021;2021;SEGUNDO SEMESTRE;202111;NOV;11;10;2
20211111;11/11/2021;2021;SEGUNDO SEMESTRE;202111;NOV;11;11;2
20211112;12/11/2021;2021;SEGUNDO SEMESTRE;202111;NOV;11;12;2
20211113;13/11/2021;2021;SEGUNDO SEMESTRE;202111;NOV;11;13;2
20211114;14/11/2021;2021;SEGUNDO SEMESTRE;202111;NOV;11;14;3
20211115;15/11/2021;2021;SEGUNDO SEMESTRE;202111;NOV;11;15;3
20211116;16/11/2021;2021;SEGUNDO SEMESTRE;202111;NOV;11;16;3
20211117;17/11/2021;2021;SEGUNDO SEMESTRE;202111;NOV;11;17;3
20211118;18/11/2021;2021;SEGUNDO SEMESTRE;202111;NOV;11;18;3
20211119;19/11/2021;2021;SEGUNDO SEMESTRE;202111;NOV;11;19;3
20211120;20/11/2021;2021;SEGUNDO SEMESTRE;202111;NOV;11;20;3
20211121;21/11/2021;2021;SEGUNDO SEMESTRE;202111;NOV;11;21;4
20211122;22/11/2021;2021;SEGUNDO SEMESTRE;202111;NOV;11;22;4
20211123;23/11/2021;2021;SEGUNDO SEMESTRE;202111;NOV;11;23;4
20211124;24/11/2021;2021;SEGUNDO SEMESTRE;202111;NOV;11;24;4
20211125;25/11/2021;2021;SEGUNDO SEMESTRE;202111;NOV;11;25;4
20211126;26/11/2021;2021;SEGUNDO SEMESTRE;202111;NOV;11;26;4
20211127;27/11/2021;2021;SEGUNDO SEMESTRE;202111;NOV;11;27;4
20211128;28/11/2021;2021;SEGUNDO SEMESTRE;202111;NOV;11;28;5
20211129;29/11/2021;2021;SEGUNDO SEMESTRE;202111;NOV;11;29;5
20211130;30/11/2021;2021;SEGUNDO SEMESTRE;202111;NOV;11;30;5
20211201;01/12/2021;2021;SEGUNDO SEMESTRE;202112;DIC;12;1;1
20211202;02/12/2021;2021;SEGUNDO SEMESTRE;202112;DIC;12;2;1
20211203;03/12/2021;2021;SEGUNDO SEMESTRE;202112;DIC;12;3;1
20211204;04/12/2021;2021;SEGUNDO SEMESTRE;202112;DIC;12;4;1
20211205;05/12/2021;2021;SEGUNDO SEMESTRE;202112;DIC;12;5;2
20211206;06/12/2021;2021;SEGUNDO SEMESTRE;202112;DIC;12;6;2
20211207;07/12/2021;2021;SEGUNDO SEMESTRE;202112;DIC;12;7;2
20211208;08/12/2021;2021;SEGUNDO SEMESTRE;202112;DIC;12;8;2
20211209;09/12/2021;2021;SEGUNDO SEMESTRE;202112;DIC;12;9;2
20211210;10/12/2021;2021;SEGUNDO SEMESTRE;202112;DIC;12;10;2
20211211;11/12/2021;2021;SEGUNDO SEMESTRE;202112;DIC;12;11;2
20211212;12/12/2021;2021;SEGUNDO SEMESTRE;202112;DIC;12;12;3
20211213;13/12/2021;2021;SEGUNDO SEMESTRE;202112;DIC;12;13;3
20211214;14/12/2021;2021;SEGUNDO SEMESTRE;202112;DIC;12;14;3
20211215;15/12/2021;2021;SEGUNDO SEMESTRE;202112;DIC;12;15;3
20211216;16/12/2021;2021;SEGUNDO SEMESTRE;202112;DIC;12;16;3
20211217;17/12/2021;2021;SEGUNDO SEMESTRE;202112;DIC;12;17;3
20211218;18/12/2021;2021;SEGUNDO SEMESTRE;202112;DIC;12;18;3
20211219;19/12/2021;2021;SEGUNDO SEMESTRE;202112;DIC;12;19;4
20211220;20/12/2021;2021;SEGUNDO SEMESTRE;202112;DIC;12;20;4
20211221;21/12/2021;2021;SEGUNDO SEMESTRE;202112;DIC;12;21;4
20211222;22/12/2021;2021;SEGUNDO SEMESTRE;202112;DIC;12;22;4
20211223;23/12/2021;2021;SEGUNDO SEMESTRE;202112;DIC;12;23;4
20211224;24/12/2021;2021;SEGUNDO SEMESTRE;202112;DIC;12;24;4
20211225;25/12/2021;2021;SEGUNDO SEMESTRE;202112;DIC;12;25;4
20211226;26/12/2021;2021;SEGUNDO SEMESTRE;202112;DIC;12;26;5
20211227;27/12/2021;2021;SEGUNDO SEMESTRE;202112;DIC;12;27;5
20211228;28/12/2021;2021;SEGUNDO SEMESTRE;202112;DIC;12;28;5
20211229;29/12/2021;2021;SEGUNDO SEMESTRE;202112;DIC;12;29;5
20211230;30/12/2021;2021;SEGUNDO SEMESTRE;202112;DIC;12;30;5
20211231;31/12/2021;2021;SEGUNDO SEMESTRE;202112;DIC;12;31;5
20220101;01/01/2022;2022;PRIMER SEMESTRE;202201;ENE;1;1;1
20220102;02/01/2022;2022;PRIMER SEMESTRE;202201;ENE;1;2;2
20220103;03/01/2022;2022;PRIMER SEMESTRE;202201;ENE;1;3;2
20220104;04/01/2022;2022;PRIMER SEMESTRE;202201;ENE;1;4;2
20220105;05/01/2022;2022;PRIMER SEMESTRE;202201;ENE;1;5;2
20220106;06/01/2022;2022;PRIMER SEMESTRE;202201;ENE;1;6;2
20220107;07/01/2022;2022;PRIMER SEMESTRE;202201;ENE;1;7;2
20220108;08/01/2022;2022;PRIMER SEMESTRE;202201;ENE;1;8;2
20220109;09/01/2022;2022;PRIMER SEMESTRE;202201;ENE;1;9;3
20220110;10/01/2022;2022;PRIMER SEMESTRE;202201;ENE;1;10;3
20220111;11/01/2022;2022;PRIMER SEMESTRE;202201;ENE;1;11;3
20220112;12/01/2022;2022;PRIMER SEMESTRE;202201;ENE;1;12;3
20220113;13/01/2022;2022;PRIMER SEMESTRE;202201;ENE;1;13;3
20220114;14/01/2022;2022;PRIMER SEMESTRE;202201;ENE;1;14;3
20220115;15/01/2022;2022;PRIMER SEMESTRE;202201;ENE;1;15;3
20220116;16/01/2022;2022;PRIMER SEMESTRE;202201;ENE;1;16;4
20220117;17/01/2022;2022;PRIMER SEMESTRE;202201;ENE;1;17;4
20220118;18/01/2022;2022;PRIMER SEMESTRE;202201;ENE;1;18;4
20220119;19/01/2022;2022;PRIMER SEMESTRE;202201;ENE;1;19;4
20220120;20/01/2022;2022;PRIMER SEMESTRE;202201;ENE;1;20;4
20220121;21/01/2022;2022;PRIMER SEMESTRE;202201;ENE;1;21;4
20220122;22/01/2022;2022;PRIMER SEMESTRE;202201;ENE;1;22;4
20220123;23/01/2022;2022;PRIMER SEMESTRE;202201;ENE;1;23;5
20220124;24/01/2022;2022;PRIMER SEMESTRE;202201;ENE;1;24;5
20220125;25/01/2022;2022;PRIMER SEMESTRE;202201;ENE;1;25;5
20220126;26/01/2022;2022;PRIMER SEMESTRE;202201;ENE;1;26;5
20220127;27/01/2022;2022;PRIMER SEMESTRE;202201;ENE;1;27;5
20220128;28/01/2022;2022;PRIMER SEMESTRE;202201;ENE;1;28;5
20220129;29/01/2022;2022;PRIMER SEMESTRE;202201;ENE;1;29;5
20220130;30/01/2022;2022;PRIMER SEMESTRE;202201;ENE;1;30;6
20220131;31/01/2022;2022;PRIMER SEMESTRE;202201;ENE;1;31;6
20220201;01/02/2022;2022;PRIMER SEMESTRE;202202;FEB;2;1;1
20220202;02/02/2022;2022;PRIMER SEMESTRE;202202;FEB;2;2;1
20220203;03/02/2022;2022;PRIMER SEMESTRE;202202;FEB;2;3;1
20220204;04/02/2022;2022;PRIMER SEMESTRE;202202;FEB;2;4;1
20220205;05/02/2022;2022;PRIMER SEMESTRE;202202;FEB;2;5;1
20220206;06/02/2022;2022;PRIMER SEMESTRE;202202;FEB;2;6;2
20220207;07/02/2022;2022;PRIMER SEMESTRE;202202;FEB;2;7;2
20220208;08/02/2022;2022;PRIMER SEMESTRE;202202;FEB;2;8;2
20220209;09/02/2022;2022;PRIMER SEMESTRE;202202;FEB;2;9;2
20220210;10/02/2022;2022;PRIMER SEMESTRE;202202;FEB;2;10;2
20220211;11/02/2022;2022;PRIMER SEMESTRE;202202;FEB;2;11;2
20220212;12/02/2022;2022;PRIMER SEMESTRE;202202;FEB;2;12;2
20220213;13/02/2022;2022;PRIMER SEMESTRE;202202;FEB;2;13;3
20220214;14/02/2022;2022;PRIMER SEMESTRE;202202;FEB;2;14;3
20220215;15/02/2022;2022;PRIMER SEMESTRE;202202;FEB;2;15;3
20220216;16/02/2022;2022;PRIMER SEMESTRE;202202;FEB;2;16;3
20220217;17/02/2022;2022;PRIMER SEMESTRE;202202;FEB;2;17;3
20220218;18/02/2022;2022;PRIMER SEMESTRE;202202;FEB;2;18;3
20220219;19/02/2022;2022;PRIMER SEMESTRE;202202;FEB;2;19;3
20220220;20/02/2022;2022;PRIMER SEMESTRE;202202;FEB;2;20;4
20220221;21/02/2022;2022;PRIMER SEMESTRE;202202;FEB;2;21;4
20220222;22/02/2022;2022;PRIMER SEMESTRE;202202;FEB;2;22;4
20220223;23/02/2022;2022;PRIMER SEMESTRE;202202;FEB;2;23;4
20220224;24/02/2022;2022;PRIMER SEMESTRE;202202;FEB;2;24;4
20220225;25/02/2022;2022;PRIMER SEMESTRE;202202;FEB;2;25;4
20220226;26/02/2022;2022;PRIMER SEMESTRE;202202;FEB;2;26;4
20220227;27/02/2022;2022;PRIMER SEMESTRE;202202;FEB;2;27;5
20220228;28/02/2022;2022;PRIMER SEMESTRE;202202;FEB;2;28;5
20220301;01/03/2022;2022;PRIMER SEMESTRE;202203;MAR;3;1;1
20220302;02/03/2022;2022;PRIMER SEMESTRE;202203;MAR;3;2;1
20220303;03/03/2022;2022;PRIMER SEMESTRE;202203;MAR;3;3;1
20220304;04/03/2022;2022;PRIMER SEMESTRE;202203;MAR;3;4;1
20220305;05/03/2022;2022;PRIMER SEMESTRE;202203;MAR;3;5;1
20220306;06/03/2022;2022;PRIMER SEMESTRE;202203;MAR;3;6;2
20220307;07/03/2022;2022;PRIMER SEMESTRE;202203;MAR;3;7;2
20220308;08/03/2022;2022;PRIMER SEMESTRE;202203;MAR;3;8;2
20220309;09/03/2022;2022;PRIMER SEMESTRE;202203;MAR;3;9;2
20220310;10/03/2022;2022;PRIMER SEMESTRE;202203;MAR;3;10;2
20220311;11/03/2022;2022;PRIMER SEMESTRE;202203;MAR;3;11;2
20220312;12/03/2022;2022;PRIMER SEMESTRE;202203;MAR;3;12;2
20220313;13/03/2022;2022;PRIMER SEMESTRE;202203;MAR;3;13;3
20220314;14/03/2022;2022;PRIMER SEMESTRE;202203;MAR;3;14;3
20220315;15/03/2022;2022;PRIMER SEMESTRE;202203;MAR;3;15;3
20220316;16/03/2022;2022;PRIMER SEMESTRE;202203;MAR;3;16;3
20220317;17/03/2022;2022;PRIMER SEMESTRE;202203;MAR;3;17;3
20220318;18/03/2022;2022;PRIMER SEMESTRE;202203;MAR;3;18;3
20220319;19/03/2022;2022;PRIMER SEMESTRE;202203;MAR;3;19;3
20220320;20/03/2022;2022;PRIMER SEMESTRE;202203;MAR;3;20;4
20220321;21/03/2022;2022;PRIMER SEMESTRE;202203;MAR;3;21;4
20220322;22/03/2022;2022;PRIMER SEMESTRE;202203;MAR;3;22;4
20220323;23/03/2022;2022;PRIMER SEMESTRE;202203;MAR;3;23;4
20220324;24/03/2022;2022;PRIMER SEMESTRE;202203;MAR;3;24;4
20220325;25/03/2022;2022;PRIMER SEMESTRE;202203;MAR;3;25;4
20220326;26/03/2022;2022;PRIMER SEMESTRE;202203;MAR;3;26;4
20220327;27/03/2022;2022;PRIMER SEMESTRE;202203;MAR;3;27;5
20220328;28/03/2022;2022;PRIMER SEMESTRE;202203;MAR;3;28;5
20220329;29/03/2022;2022;PRIMER SEMESTRE;202203;MAR;3;29;5
20220330;30/03/2022;2022;PRIMER SEMESTRE;202203;MAR;3;30;5
20220331;31/03/2022;2022;PRIMER SEMESTRE;202203;MAR;3;31;5
20220401;01/04/2022;2022;PRIMER SEMESTRE;202204;ABR;4;1;1
20220402;02/04/2022;2022;PRIMER SEMESTRE;202204;ABR;4;2;1
20220403;03/04/2022;2022;PRIMER SEMESTRE;202204;ABR;4;3;2
20220404;04/04/2022;2022;PRIMER SEMESTRE;202204;ABR;4;4;2
20220405;05/04/2022;2022;PRIMER SEMESTRE;202204;ABR;4;5;2
20220406;06/04/2022;2022;PRIMER SEMESTRE;202204;ABR;4;6;2
20220407;07/04/2022;2022;PRIMER SEMESTRE;202204;ABR;4;7;2
20220408;08/04/2022;2022;PRIMER SEMESTRE;202204;ABR;4;8;2
20220409;09/04/2022;2022;PRIMER SEMESTRE;202204;ABR;4;9;2
20220410;10/04/2022;2022;PRIMER SEMESTRE;202204;ABR;4;10;3
20220411;11/04/2022;2022;PRIMER SEMESTRE;202204;ABR;4;11;3
20220412;12/04/2022;2022;PRIMER SEMESTRE;202204;ABR;4;12;3
20220413;13/04/2022;2022;PRIMER SEMESTRE;202204;ABR;4;13;3
20220414;14/04/2022;2022;PRIMER SEMESTRE;202204;ABR;4;14;3
20220415;15/04/2022;2022;PRIMER SEMESTRE;202204;ABR;4;15;3
20220416;16/04/2022;2022;PRIMER SEMESTRE;202204;ABR;4;16;3
20220417;17/04/2022;2022;PRIMER SEMESTRE;202204;ABR;4;17;4
20220418;18/04/2022;2022;PRIMER SEMESTRE;202204;ABR;4;18;4
20220419;19/04/2022;2022;PRIMER SEMESTRE;202204;ABR;4;19;4
20220420;20/04/2022;2022;PRIMER SEMESTRE;202204;ABR;4;20;4
20220421;21/04/2022;2022;PRIMER SEMESTRE;202204;ABR;4;21;4
20220422;22/04/2022;2022;PRIMER SEMESTRE;202204;ABR;4;22;4
20220423;23/04/2022;2022;PRIMER SEMESTRE;202204;ABR;4;23;4
20220424;24/04/2022;2022;PRIMER SEMESTRE;202204;ABR;4;24;5
20220425;25/04/2022;2022;PRIMER SEMESTRE;202204;ABR;4;25;5
20220426;26/04/2022;2022;PRIMER SEMESTRE;202204;ABR;4;26;5
20220427;27/04/2022;2022;PRIMER SEMESTRE;202204;ABR;4;27;5
20220428;28/04/2022;2022;PRIMER SEMESTRE;202204;ABR;4;28;5
20220429;29/04/2022;2022;PRIMER SEMESTRE;202204;ABR;4;29;5
20220430;30/04/2022;2022;PRIMER SEMESTRE;202204;ABR;4;30;5
20220501;01/05/2022;2022;PRIMER SEMESTRE;202205;MAY;5;1;1
20220502;02/05/2022;2022;PRIMER SEMESTRE;202205;MAY;5;2;1
20220503;03/05/2022;2022;PRIMER SEMESTRE;202205;MAY;5;3;1
20220504;04/05/2022;2022;PRIMER SEMESTRE;202205;MAY;5;4;1
20220505;05/05/2022;2022;PRIMER SEMESTRE;202205;MAY;5;5;1
20220506;06/05/2022;2022;PRIMER SEMESTRE;202205;MAY;5;6;1
20220507;07/05/2022;2022;PRIMER SEMESTRE;202205;MAY;5;7;1
20220508;08/05/2022;2022;PRIMER SEMESTRE;202205;MAY;5;8;2
20220509;09/05/2022;2022;PRIMER SEMESTRE;202205;MAY;5;9;2
20220510;10/05/2022;2022;PRIMER SEMESTRE;202205;MAY;5;10;2
20220511;11/05/2022;2022;PRIMER SEMESTRE;202205;MAY;5;11;2
20220512;12/05/2022;2022;PRIMER SEMESTRE;202205;MAY;5;12;2
20220513;13/05/2022;2022;PRIMER SEMESTRE;202205;MAY;5;13;2
20220514;14/05/2022;2022;PRIMER SEMESTRE;202205;MAY;5;14;2
20220515;15/05/2022;2022;PRIMER SEMESTRE;202205;MAY;5;15;3
20220516;16/05/2022;2022;PRIMER SEMESTRE;202205;MAY;5;16;3
20220517;17/05/2022;2022;PRIMER SEMESTRE;202205;MAY;5;17;3
20220518;18/05/2022;2022;PRIMER SEMESTRE;202205;MAY;5;18;3
20220519;19/05/2022;2022;PRIMER SEMESTRE;202205;MAY;5;19;3
20220520;20/05/2022;2022;PRIMER SEMESTRE;202205;MAY;5;20;3
20220521;21/05/2022;2022;PRIMER SEMESTRE;202205;MAY;5;21;3
20220522;22/05/2022;2022;PRIMER SEMESTRE;202205;MAY;5;22;4
20220523;23/05/2022;2022;PRIMER SEMESTRE;202205;MAY;5;23;4
20220524;24/05/2022;2022;PRIMER SEMESTRE;202205;MAY;5;24;4
20220525;25/05/2022;2022;PRIMER SEMESTRE;202205;MAY;5;25;4
20220526;26/05/2022;2022;PRIMER SEMESTRE;202205;MAY;5;26;4
20220527;27/05/2022;2022;PRIMER SEMESTRE;202205;MAY;5;27;4
20220528;28/05/2022;2022;PRIMER SEMESTRE;202205;MAY;5;28;4
20220529;29/05/2022;2022;PRIMER SEMESTRE;202205;MAY;5;29;5
20220530;30/05/2022;2022;PRIMER SEMESTRE;202205;MAY;5;30;5
20220531;31/05/2022;2022;PRIMER SEMESTRE;202205;MAY;5;31;5
20220601;01/06/2022;2022;PRIMER SEMESTRE;202206;JUN;6;1;1
20220602;02/06/2022;2022;PRIMER SEMESTRE;202206;JUN;6;2;1
20220603;03/06/2022;2022;PRIMER SEMESTRE;202206;JUN;6;3;1
20220604;04/06/2022;2022;PRIMER SEMESTRE;202206;JUN;6;4;1
20220605;05/06/2022;2022;PRIMER SEMESTRE;202206;JUN;6;5;2
20220606;06/06/2022;2022;PRIMER SEMESTRE;202206;JUN;6;6;2
20220607;07/06/2022;2022;PRIMER SEMESTRE;202206;JUN;6;7;2
20220608;08/06/2022;2022;PRIMER SEMESTRE;202206;JUN;6;8;2
20220609;09/06/2022;2022;PRIMER SEMESTRE;202206;JUN;6;9;2
20220610;10/06/2022;2022;PRIMER SEMESTRE;202206;JUN;6;10;2
20220611;11/06/2022;2022;PRIMER SEMESTRE;202206;JUN;6;11;2
20220612;12/06/2022;2022;PRIMER SEMESTRE;202206;JUN;6;12;3
20220613;13/06/2022;2022;PRIMER SEMESTRE;202206;JUN;6;13;3
20220614;14/06/2022;2022;PRIMER SEMESTRE;202206;JUN;6;14;3
20220615;15/06/2022;2022;PRIMER SEMESTRE;202206;JUN;6;15;3
20220616;16/06/2022;2022;PRIMER SEMESTRE;202206;JUN;6;16;3
20220617;17/06/2022;2022;PRIMER SEMESTRE;202206;JUN;6;17;3
20220618;18/06/2022;2022;PRIMER SEMESTRE;202206;JUN;6;18;3
20220619;19/06/2022;2022;PRIMER SEMESTRE;202206;JUN;6;19;4
20220620;20/06/2022;2022;PRIMER SEMESTRE;202206;JUN;6;20;4
20220621;21/06/2022;2022;PRIMER SEMESTRE;202206;JUN;6;21;4
20220622;22/06/2022;2022;PRIMER SEMESTRE;202206;JUN;6;22;4
20220623;23/06/2022;2022;PRIMER SEMESTRE;202206;JUN;6;23;4
20220624;24/06/2022;2022;PRIMER SEMESTRE;202206;JUN;6;24;4
20220625;25/06/2022;2022;PRIMER SEMESTRE;202206;JUN;6;25;4
20220626;26/06/2022;2022;PRIMER SEMESTRE;202206;JUN;6;26;5
20220627;27/06/2022;2022;PRIMER SEMESTRE;202206;JUN;6;27;5
20220628;28/06/2022;2022;PRIMER SEMESTRE;202206;JUN;6;28;5
20220629;29/06/2022;2022;PRIMER SEMESTRE;202206;JUN;6;29;5
20220630;30/06/2022;2022;PRIMER SEMESTRE;202206;JUN;6;30;5
20220701;01/07/2022;2022;SEGUNDO SEMESTRE;202207;JUL;7;1;1
20220702;02/07/2022;2022;SEGUNDO SEMESTRE;202207;JUL;7;2;1
20220703;03/07/2022;2022;SEGUNDO SEMESTRE;202207;JUL;7;3;2
20220704;04/07/2022;2022;SEGUNDO SEMESTRE;202207;JUL;7;4;2
20220705;05/07/2022;2022;SEGUNDO SEMESTRE;202207;JUL;7;5;2
20220706;06/07/2022;2022;SEGUNDO SEMESTRE;202207;JUL;7;6;2
20220707;07/07/2022;2022;SEGUNDO SEMESTRE;202207;JUL;7;7;2
20220708;08/07/2022;2022;SEGUNDO SEMESTRE;202207;JUL;7;8;2
20220709;09/07/2022;2022;SEGUNDO SEMESTRE;202207;JUL;7;9;2
20220710;10/07/2022;2022;SEGUNDO SEMESTRE;202207;JUL;7;10;3
20220711;11/07/2022;2022;SEGUNDO SEMESTRE;202207;JUL;7;11;3
20220712;12/07/2022;2022;SEGUNDO SEMESTRE;202207;JUL;7;12;3
20220713;13/07/2022;2022;SEGUNDO SEMESTRE;202207;JUL;7;13;3
20220714;14/07/2022;2022;SEGUNDO SEMESTRE;202207;JUL;7;14;3
20220715;15/07/2022;2022;SEGUNDO SEMESTRE;202207;JUL;7;15;3
20220716;16/07/2022;2022;SEGUNDO SEMESTRE;202207;JUL;7;16;3
20220717;17/07/2022;2022;SEGUNDO SEMESTRE;202207;JUL;7;17;4
20220718;18/07/2022;2022;SEGUNDO SEMESTRE;202207;JUL;7;18;4
20220719;19/07/2022;2022;SEGUNDO SEMESTRE;202207;JUL;7;19;4
20220720;20/07/2022;2022;SEGUNDO SEMESTRE;202207;JUL;7;20;4
20220721;21/07/2022;2022;SEGUNDO SEMESTRE;202207;JUL;7;21;4
20220722;22/07/2022;2022;SEGUNDO SEMESTRE;202207;JUL;7;22;4
20220723;23/07/2022;2022;SEGUNDO SEMESTRE;202207;JUL;7;23;4
20220724;24/07/2022;2022;SEGUNDO SEMESTRE;202207;JUL;7;24;5
20220725;25/07/2022;2022;SEGUNDO SEMESTRE;202207;JUL;7;25;5
20220726;26/07/2022;2022;SEGUNDO SEMESTRE;202207;JUL;7;26;5
20220727;27/07/2022;2022;SEGUNDO SEMESTRE;202207;JUL;7;27;5
20220728;28/07/2022;2022;SEGUNDO SEMESTRE;202207;JUL;7;28;5
20220729;29/07/2022;2022;SEGUNDO SEMESTRE;202207;JUL;7;29;5
20220730;30/07/2022;2022;SEGUNDO SEMESTRE;202207;JUL;7;30;5
20220731;31/07/2022;2022;SEGUNDO SEMESTRE;202207;JUL;7;31;6
20220801;01/08/2022;2022;SEGUNDO SEMESTRE;202208;AGO;8;1;1
20220802;02/08/2022;2022;SEGUNDO SEMESTRE;202208;AGO;8;2;1
20220803;03/08/2022;2022;SEGUNDO SEMESTRE;202208;AGO;8;3;1
20220804;04/08/2022;2022;SEGUNDO SEMESTRE;202208;AGO;8;4;1
20220805;05/08/2022;2022;SEGUNDO SEMESTRE;202208;AGO;8;5;1
20220806;06/08/2022;2022;SEGUNDO SEMESTRE;202208;AGO;8;6;1
20220807;07/08/2022;2022;SEGUNDO SEMESTRE;202208;AGO;8;7;2
20220808;08/08/2022;2022;SEGUNDO SEMESTRE;202208;AGO;8;8;2
20220809;09/08/2022;2022;SEGUNDO SEMESTRE;202208;AGO;8;9;2
20220810;10/08/2022;2022;SEGUNDO SEMESTRE;202208;AGO;8;10;2
20220811;11/08/2022;2022;SEGUNDO SEMESTRE;202208;AGO;8;11;2
20220812;12/08/2022;2022;SEGUNDO SEMESTRE;202208;AGO;8;12;2
20220813;13/08/2022;2022;SEGUNDO SEMESTRE;202208;AGO;8;13;2
20220814;14/08/2022;2022;SEGUNDO SEMESTRE;202208;AGO;8;14;3
20220815;15/08/2022;2022;SEGUNDO SEMESTRE;202208;AGO;8;15;3
20220816;16/08/2022;2022;SEGUNDO SEMESTRE;202208;AGO;8;16;3
20220817;17/08/2022;2022;SEGUNDO SEMESTRE;202208;AGO;8;17;3
20220818;18/08/2022;2022;SEGUNDO SEMESTRE;202208;AGO;8;18;3
20220819;19/08/2022;2022;SEGUNDO SEMESTRE;202208;AGO;8;19;3
20220820;20/08/2022;2022;SEGUNDO SEMESTRE;202208;AGO;8;20;3
20220821;21/08/2022;2022;SEGUNDO SEMESTRE;202208;AGO;8;21;4
20220822;22/08/2022;2022;SEGUNDO SEMESTRE;202208;AGO;8;22;4
20220823;23/08/2022;2022;SEGUNDO SEMESTRE;202208;AGO;8;23;4
20220824;24/08/2022;2022;SEGUNDO SEMESTRE;202208;AGO;8;24;4
20220825;25/08/2022;2022;SEGUNDO SEMESTRE;202208;AGO;8;25;4
20220826;26/08/2022;2022;SEGUNDO SEMESTRE;202208;AGO;8;26;4
20220827;27/08/2022;2022;SEGUNDO SEMESTRE;202208;AGO;8;27;4
20220828;28/08/2022;2022;SEGUNDO SEMESTRE;202208;AGO;8;28;5
20220829;29/08/2022;2022;SEGUNDO SEMESTRE;202208;AGO;8;29;5
20220830;30/08/2022;2022;SEGUNDO SEMESTRE;202208;AGO;8;30;5
20220831;31/08/2022;2022;SEGUNDO SEMESTRE;202208;AGO;8;31;5
20220901;01/09/2022;2022;SEGUNDO SEMESTRE;202209;SEP;9;1;1
20220902;02/09/2022;2022;SEGUNDO SEMESTRE;202209;SEP;9;2;1
20220903;03/09/2022;2022;SEGUNDO SEMESTRE;202209;SEP;9;3;1
20220904;04/09/2022;2022;SEGUNDO SEMESTRE;202209;SEP;9;4;2
20220905;05/09/2022;2022;SEGUNDO SEMESTRE;202209;SEP;9;5;2
20220906;06/09/2022;2022;SEGUNDO SEMESTRE;202209;SEP;9;6;2
20220907;07/09/2022;2022;SEGUNDO SEMESTRE;202209;SEP;9;7;2
20220908;08/09/2022;2022;SEGUNDO SEMESTRE;202209;SEP;9;8;2
20220909;09/09/2022;2022;SEGUNDO SEMESTRE;202209;SEP;9;9;2
20220910;10/09/2022;2022;SEGUNDO SEMESTRE;202209;SEP;9;10;2
20220911;11/09/2022;2022;SEGUNDO SEMESTRE;202209;SEP;9;11;3
20220912;12/09/2022;2022;SEGUNDO SEMESTRE;202209;SEP;9;12;3
20220913;13/09/2022;2022;SEGUNDO SEMESTRE;202209;SEP;9;13;3
20220914;14/09/2022;2022;SEGUNDO SEMESTRE;202209;SEP;9;14;3
20220915;15/09/2022;2022;SEGUNDO SEMESTRE;202209;SEP;9;15;3
20220916;16/09/2022;2022;SEGUNDO SEMESTRE;202209;SEP;9;16;3
20220917;17/09/2022;2022;SEGUNDO SEMESTRE;202209;SEP;9;17;3
20220918;18/09/2022;2022;SEGUNDO SEMESTRE;202209;SEP;9;18;4
20220919;19/09/2022;2022;SEGUNDO SEMESTRE;202209;SEP;9;19;4
20220920;20/09/2022;2022;SEGUNDO SEMESTRE;202209;SEP;9;20;4
20220921;21/09/2022;2022;SEGUNDO SEMESTRE;202209;SEP;9;21;4
20220922;22/09/2022;2022;SEGUNDO SEMESTRE;202209;SEP;9;22;4
20220923;23/09/2022;2022;SEGUNDO SEMESTRE;202209;SEP;9;23;4
20220924;24/09/2022;2022;SEGUNDO SEMESTRE;202209;SEP;9;24;4
20220925;25/09/2022;2022;SEGUNDO SEMESTRE;202209;SEP;9;25;5
20220926;26/09/2022;2022;SEGUNDO SEMESTRE;202209;SEP;9;26;5
20220927;27/09/2022;2022;SEGUNDO SEMESTRE;202209;SEP;9;27;5
20220928;28/09/2022;2022;SEGUNDO SEMESTRE;202209;SEP;9;28;5
20220929;29/09/2022;2022;SEGUNDO SEMESTRE;202209;SEP;9;29;5
20220930;30/09/2022;2022;SEGUNDO SEMESTRE;202209;SEP;9;30;5
20221001;01/10/2022;2022;SEGUNDO SEMESTRE;202210;OCT;10;1;1
20221002;02/10/2022;2022;SEGUNDO SEMESTRE;202210;OCT;10;2;2
20221003;03/10/2022;2022;SEGUNDO SEMESTRE;202210;OCT;10;3;2
20221004;04/10/2022;2022;SEGUNDO SEMESTRE;202210;OCT;10;4;2
20221005;05/10/2022;2022;SEGUNDO SEMESTRE;202210;OCT;10;5;2
20221006;06/10/2022;2022;SEGUNDO SEMESTRE;202210;OCT;10;6;2
20221007;07/10/2022;2022;SEGUNDO SEMESTRE;202210;OCT;10;7;2
20221008;08/10/2022;2022;SEGUNDO SEMESTRE;202210;OCT;10;8;2
20221009;09/10/2022;2022;SEGUNDO SEMESTRE;202210;OCT;10;9;3
20221010;10/10/2022;2022;SEGUNDO SEMESTRE;202210;OCT;10;10;3
20221011;11/10/2022;2022;SEGUNDO SEMESTRE;202210;OCT;10;11;3
20221012;12/10/2022;2022;SEGUNDO SEMESTRE;202210;OCT;10;12;3
20221013;13/10/2022;2022;SEGUNDO SEMESTRE;202210;OCT;10;13;3
20221014;14/10/2022;2022;SEGUNDO SEMESTRE;202210;OCT;10;14;3
20221015;15/10/2022;2022;SEGUNDO SEMESTRE;202210;OCT;10;15;3
20221016;16/10/2022;2022;SEGUNDO SEMESTRE;202210;OCT;10;16;4
20221017;17/10/2022;2022;SEGUNDO SEMESTRE;202210;OCT;10;17;4
20221018;18/10/2022;2022;SEGUNDO SEMESTRE;202210;OCT;10;18;4
20221019;19/10/2022;2022;SEGUNDO SEMESTRE;202210;OCT;10;19;4
20221020;20/10/2022;2022;SEGUNDO SEMESTRE;202210;OCT;10;20;4
20221021;21/10/2022;2022;SEGUNDO SEMESTRE;202210;OCT;10;21;4
20221022;22/10/2022;2022;SEGUNDO SEMESTRE;202210;OCT;10;22;4
20221023;23/10/2022;2022;SEGUNDO SEMESTRE;202210;OCT;10;23;5
20221024;24/10/2022;2022;SEGUNDO SEMESTRE;202210;OCT;10;24;5
20221025;25/10/2022;2022;SEGUNDO SEMESTRE;202210;OCT;10;25;5
20221026;26/10/2022;2022;SEGUNDO SEMESTRE;202210;OCT;10;26;5
20221027;27/10/2022;2022;SEGUNDO SEMESTRE;202210;OCT;10;27;5
20221028;28/10/2022;2022;SEGUNDO SEMESTRE;202210;OCT;10;28;5
20221029;29/10/2022;2022;SEGUNDO SEMESTRE;202210;OCT;10;29;5
20221030;30/10/2022;2022;SEGUNDO SEMESTRE;202210;OCT;10;30;6
20221031;31/10/2022;2022;SEGUNDO SEMESTRE;202210;OCT;10;31;6
20221101;01/11/2022;2022;SEGUNDO SEMESTRE;202211;NOV;11;1;1
20221102;02/11/2022;2022;SEGUNDO SEMESTRE;202211;NOV;11;2;1
20221103;03/11/2022;2022;SEGUNDO SEMESTRE;202211;NOV;11;3;1
20221104;04/11/2022;2022;SEGUNDO SEMESTRE;202211;NOV;11;4;1
20221105;05/11/2022;2022;SEGUNDO SEMESTRE;202211;NOV;11;5;1
20221106;06/11/2022;2022;SEGUNDO SEMESTRE;202211;NOV;11;6;2
20221107;07/11/2022;2022;SEGUNDO SEMESTRE;202211;NOV;11;7;2
20221108;08/11/2022;2022;SEGUNDO SEMESTRE;202211;NOV;11;8;2
20221109;09/11/2022;2022;SEGUNDO SEMESTRE;202211;NOV;11;9;2
20221110;10/11/2022;2022;SEGUNDO SEMESTRE;202211;NOV;11;10;2
20221111;11/11/2022;2022;SEGUNDO SEMESTRE;202211;NOV;11;11;2
20221112;12/11/2022;2022;SEGUNDO SEMESTRE;202211;NOV;11;12;2
20221113;13/11/2022;2022;SEGUNDO SEMESTRE;202211;NOV;11;13;3
20221114;14/11/2022;2022;SEGUNDO SEMESTRE;202211;NOV;11;14;3
20221115;15/11/2022;2022;SEGUNDO SEMESTRE;202211;NOV;11;15;3
20221116;16/11/2022;2022;SEGUNDO SEMESTRE;202211;NOV;11;16;3
20221117;17/11/2022;2022;SEGUNDO SEMESTRE;202211;NOV;11;17;3
20221118;18/11/2022;2022;SEGUNDO SEMESTRE;202211;NOV;11;18;3
20221119;19/11/2022;2022;SEGUNDO SEMESTRE;202211;NOV;11;19;3
20221120;20/11/2022;2022;SEGUNDO SEMESTRE;202211;NOV;11;20;4
20221121;21/11/2022;2022;SEGUNDO SEMESTRE;202211;NOV;11;21;4
20221122;22/11/2022;2022;SEGUNDO SEMESTRE;202211;NOV;11;22;4
20221123;23/11/2022;2022;SEGUNDO SEMESTRE;202211;NOV;11;23;4
20221124;24/11/2022;2022;SEGUNDO SEMESTRE;202211;NOV;11;24;4
20221125;25/11/2022;2022;SEGUNDO SEMESTRE;202211;NOV;11;25;4
20221126;26/11/2022;2022;SEGUNDO SEMESTRE;202211;NOV;11;26;4
20221127;27/11/2022;2022;SEGUNDO SEMESTRE;202211;NOV;11;27;5
20221128;28/11/2022;2022;SEGUNDO SEMESTRE;202211;NOV;11;28;5
20221129;29/11/2022;2022;SEGUNDO SEMESTRE;202211;NOV;11;29;5
20221130;30/11/2022;2022;SEGUNDO SEMESTRE;202211;NOV;11;30;5
20221201;01/12/2022;2022;SEGUNDO SEMESTRE;202212;DIC;12;1;1
20221202;02/12/2022;2022;SEGUNDO SEMESTRE;202212;DIC;12;2;1
20221203;03/12/2022;2022;SEGUNDO SEMESTRE;202212;DIC;12;3;1
20221204;04/12/2022;2022;SEGUNDO SEMESTRE;202212;DIC;12;4;2
20221205;05/12/2022;2022;SEGUNDO SEMESTRE;202212;DIC;12;5;2
20221206;06/12/2022;2022;SEGUNDO SEMESTRE;202212;DIC;12;6;2
20221207;07/12/2022;2022;SEGUNDO SEMESTRE;202212;DIC;12;7;2
20221208;08/12/2022;2022;SEGUNDO SEMESTRE;202212;DIC;12;8;2
20221209;09/12/2022;2022;SEGUNDO SEMESTRE;202212;DIC;12;9;2
20221210;10/12/2022;2022;SEGUNDO SEMESTRE;202212;DIC;12;10;2
20221211;11/12/2022;2022;SEGUNDO SEMESTRE;202212;DIC;12;11;3
20221212;12/12/2022;2022;SEGUNDO SEMESTRE;202212;DIC;12;12;3
20221213;13/12/2022;2022;SEGUNDO SEMESTRE;202212;DIC;12;13;3
20221214;14/12/2022;2022;SEGUNDO SEMESTRE;202212;DIC;12;14;3
20221215;15/12/2022;2022;SEGUNDO SEMESTRE;202212;DIC;12;15;3
20221216;16/12/2022;2022;SEGUNDO SEMESTRE;202212;DIC;12;16;3
20221217;17/12/2022;2022;SEGUNDO SEMESTRE;202212;DIC;12;17;3
20221218;18/12/2022;2022;SEGUNDO SEMESTRE;202212;DIC;12;18;4
20221219;19/12/2022;2022;SEGUNDO SEMESTRE;202212;DIC;12;19;4
20221220;20/12/2022;2022;SEGUNDO SEMESTRE;202212;DIC;12;20;4
20221221;21/12/2022;2022;SEGUNDO SEMESTRE;202212;DIC;12;21;4
20221222;22/12/2022;2022;SEGUNDO SEMESTRE;202212;DIC;12;22;4
20221223;23/12/2022;2022;SEGUNDO SEMESTRE;202212;DIC;12;23;4
20221224;24/12/2022;2022;SEGUNDO SEMESTRE;202212;DIC;12;24;4
20221225;25/12/2022;2022;SEGUNDO SEMESTRE;202212;DIC;12;25;5
20221226;26/12/2022;2022;SEGUNDO SEMESTRE;202212;DIC;12;26;5
20221227;27/12/2022;2022;SEGUNDO SEMESTRE;202212;DIC;12;27;5
20221228;28/12/2022;2022;SEGUNDO SEMESTRE;202212;DIC;12;28;5
20221229;29/12/2022;2022;SEGUNDO SEMESTRE;202212;DIC;12;29;5
20221230;30/12/2022;2022;SEGUNDO SEMESTRE;202212;DIC;12;30;5
20221231;31/12/2022;2022;SEGUNDO SEMESTRE;202212;DIC;12;31;5
20230101;01/01/2023;2023;PRIMER SEMESTRE;202301;ENE;1;1;1
20230102;02/01/2023;2023;PRIMER SEMESTRE;202301;ENE;1;2;1
20230103;03/01/2023;2023;PRIMER SEMESTRE;202301;ENE;1;3;1
20230104;04/01/2023;2023;PRIMER SEMESTRE;202301;ENE;1;4;1
20230105;05/01/2023;2023;PRIMER SEMESTRE;202301;ENE;1;5;1
20230106;06/01/2023;2023;PRIMER SEMESTRE;202301;ENE;1;6;1
20230107;07/01/2023;2023;PRIMER SEMESTRE;202301;ENE;1;7;1
20230108;08/01/2023;2023;PRIMER SEMESTRE;202301;ENE;1;8;2
20230109;09/01/2023;2023;PRIMER SEMESTRE;202301;ENE;1;9;2
20230110;10/01/2023;2023;PRIMER SEMESTRE;202301;ENE;1;10;2
20230111;11/01/2023;2023;PRIMER SEMESTRE;202301;ENE;1;11;2
20230112;12/01/2023;2023;PRIMER SEMESTRE;202301;ENE;1;12;2
20230113;13/01/2023;2023;PRIMER SEMESTRE;202301;ENE;1;13;2
20230114;14/01/2023;2023;PRIMER SEMESTRE;202301;ENE;1;14;2
20230115;15/01/2023;2023;PRIMER SEMESTRE;202301;ENE;1;15;3
20230116;16/01/2023;2023;PRIMER SEMESTRE;202301;ENE;1;16;3
20230117;17/01/2023;2023;PRIMER SEMESTRE;202301;ENE;1;17;3
20230118;18/01/2023;2023;PRIMER SEMESTRE;202301;ENE;1;18;3
20230119;19/01/2023;2023;PRIMER SEMESTRE;202301;ENE;1;19;3
20230120;20/01/2023;2023;PRIMER SEMESTRE;202301;ENE;1;20;3
20230121;21/01/2023;2023;PRIMER SEMESTRE;202301;ENE;1;21;3
20230122;22/01/2023;2023;PRIMER SEMESTRE;202301;ENE;1;22;4
20230123;23/01/2023;2023;PRIMER SEMESTRE;202301;ENE;1;23;4
20230124;24/01/2023;2023;PRIMER SEMESTRE;202301;ENE;1;24;4
20230125;25/01/2023;2023;PRIMER SEMESTRE;202301;ENE;1;25;4
20230126;26/01/2023;2023;PRIMER SEMESTRE;202301;ENE;1;26;4
20230127;27/01/2023;2023;PRIMER SEMESTRE;202301;ENE;1;27;4
20230128;28/01/2023;2023;PRIMER SEMESTRE;202301;ENE;1;28;4
20230129;29/01/2023;2023;PRIMER SEMESTRE;202301;ENE;1;29;5
20230130;30/01/2023;2023;PRIMER SEMESTRE;202301;ENE;1;30;5
20230131;31/01/2023;2023;PRIMER SEMESTRE;202301;ENE;1;31;5
20230201;01/02/2023;2023;PRIMER SEMESTRE;202302;FEB;2;1;1
20230202;02/02/2023;2023;PRIMER SEMESTRE;202302;FEB;2;2;1
20230203;03/02/2023;2023;PRIMER SEMESTRE;202302;FEB;2;3;1
20230204;04/02/2023;2023;PRIMER SEMESTRE;202302;FEB;2;4;1
20230205;05/02/2023;2023;PRIMER SEMESTRE;202302;FEB;2;5;2
20230206;06/02/2023;2023;PRIMER SEMESTRE;202302;FEB;2;6;2
20230207;07/02/2023;2023;PRIMER SEMESTRE;202302;FEB;2;7;2
20230208;08/02/2023;2023;PRIMER SEMESTRE;202302;FEB;2;8;2
20230209;09/02/2023;2023;PRIMER SEMESTRE;202302;FEB;2;9;2
20230210;10/02/2023;2023;PRIMER SEMESTRE;202302;FEB;2;10;2
20230211;11/02/2023;2023;PRIMER SEMESTRE;202302;FEB;2;11;2
20230212;12/02/2023;2023;PRIMER SEMESTRE;202302;FEB;2;12;3
20230213;13/02/2023;2023;PRIMER SEMESTRE;202302;FEB;2;13;3
20230214;14/02/2023;2023;PRIMER SEMESTRE;202302;FEB;2;14;3
20230215;15/02/2023;2023;PRIMER SEMESTRE;202302;FEB;2;15;3
20230216;16/02/2023;2023;PRIMER SEMESTRE;202302;FEB;2;16;3
20230217;17/02/2023;2023;PRIMER SEMESTRE;202302;FEB;2;17;3
20230218;18/02/2023;2023;PRIMER SEMESTRE;202302;FEB;2;18;3
20230219;19/02/2023;2023;PRIMER SEMESTRE;202302;FEB;2;19;4
20230220;20/02/2023;2023;PRIMER SEMESTRE;202302;FEB;2;20;4
20230221;21/02/2023;2023;PRIMER SEMESTRE;202302;FEB;2;21;4
20230222;22/02/2023;2023;PRIMER SEMESTRE;202302;FEB;2;22;4
20230223;23/02/2023;2023;PRIMER SEMESTRE;202302;FEB;2;23;4
20230224;24/02/2023;2023;PRIMER SEMESTRE;202302;FEB;2;24;4
20230225;25/02/2023;2023;PRIMER SEMESTRE;202302;FEB;2;25;4
20230226;26/02/2023;2023;PRIMER SEMESTRE;202302;FEB;2;26;5
20230227;27/02/2023;2023;PRIMER SEMESTRE;202302;FEB;2;27;5
20230228;28/02/2023;2023;PRIMER SEMESTRE;202302;FEB;2;28;5
20230301;01/03/2023;2023;PRIMER SEMESTRE;202303;MAR;3;1;1
20230302;02/03/2023;2023;PRIMER SEMESTRE;202303;MAR;3;2;1
20230303;03/03/2023;2023;PRIMER SEMESTRE;202303;MAR;3;3;1
20230304;04/03/2023;2023;PRIMER SEMESTRE;202303;MAR;3;4;1
20230305;05/03/2023;2023;PRIMER SEMESTRE;202303;MAR;3;5;2
20230306;06/03/2023;2023;PRIMER SEMESTRE;202303;MAR;3;6;2
20230307;07/03/2023;2023;PRIMER SEMESTRE;202303;MAR;3;7;2
20230308;08/03/2023;2023;PRIMER SEMESTRE;202303;MAR;3;8;2
20230309;09/03/2023;2023;PRIMER SEMESTRE;202303;MAR;3;9;2
20230310;10/03/2023;2023;PRIMER SEMESTRE;202303;MAR;3;10;2
20230311;11/03/2023;2023;PRIMER SEMESTRE;202303;MAR;3;11;2
20230312;12/03/2023;2023;PRIMER SEMESTRE;202303;MAR;3;12;3
20230313;13/03/2023;2023;PRIMER SEMESTRE;202303;MAR;3;13;3
20230314;14/03/2023;2023;PRIMER SEMESTRE;202303;MAR;3;14;3
20230315;15/03/2023;2023;PRIMER SEMESTRE;202303;MAR;3;15;3
20230316;16/03/2023;2023;PRIMER SEMESTRE;202303;MAR;3;16;3
20230317;17/03/2023;2023;PRIMER SEMESTRE;202303;MAR;3;17;3
20230318;18/03/2023;2023;PRIMER SEMESTRE;202303;MAR;3;18;3
20230319;19/03/2023;2023;PRIMER SEMESTRE;202303;MAR;3;19;4
20230320;20/03/2023;2023;PRIMER SEMESTRE;202303;MAR;3;20;4
20230321;21/03/2023;2023;PRIMER SEMESTRE;202303;MAR;3;21;4
20230322;22/03/2023;2023;PRIMER SEMESTRE;202303;MAR;3;22;4
20230323;23/03/2023;2023;PRIMER SEMESTRE;202303;MAR;3;23;4
20230324;24/03/2023;2023;PRIMER SEMESTRE;202303;MAR;3;24;4
20230325;25/03/2023;2023;PRIMER SEMESTRE;202303;MAR;3;25;4
20230326;26/03/2023;2023;PRIMER SEMESTRE;202303;MAR;3;26;5
20230327;27/03/2023;2023;PRIMER SEMESTRE;202303;MAR;3;27;5
20230328;28/03/2023;2023;PRIMER SEMESTRE;202303;MAR;3;28;5
20230329;29/03/2023;2023;PRIMER SEMESTRE;202303;MAR;3;29;5
20230330;30/03/2023;2023;PRIMER SEMESTRE;202303;MAR;3;30;5
20230331;31/03/2023;2023;PRIMER SEMESTRE;202303;MAR;3;31;5
20230401;01/04/2023;2023;PRIMER SEMESTRE;202304;ABR;4;1;1
20230402;02/04/2023;2023;PRIMER SEMESTRE;202304;ABR;4;2;2
20230403;03/04/2023;2023;PRIMER SEMESTRE;202304;ABR;4;3;2
20230404;04/04/2023;2023;PRIMER SEMESTRE;202304;ABR;4;4;2
20230405;05/04/2023;2023;PRIMER SEMESTRE;202304;ABR;4;5;2
20230406;06/04/2023;2023;PRIMER SEMESTRE;202304;ABR;4;6;2
20230407;07/04/2023;2023;PRIMER SEMESTRE;202304;ABR;4;7;2
20230408;08/04/2023;2023;PRIMER SEMESTRE;202304;ABR;4;8;2
20230409;09/04/2023;2023;PRIMER SEMESTRE;202304;ABR;4;9;3
20230410;10/04/2023;2023;PRIMER SEMESTRE;202304;ABR;4;10;3
20230411;11/04/2023;2023;PRIMER SEMESTRE;202304;ABR;4;11;3
20230412;12/04/2023;2023;PRIMER SEMESTRE;202304;ABR;4;12;3
20230413;13/04/2023;2023;PRIMER SEMESTRE;202304;ABR;4;13;3
20230414;14/04/2023;2023;PRIMER SEMESTRE;202304;ABR;4;14;3
20230415;15/04/2023;2023;PRIMER SEMESTRE;202304;ABR;4;15;3
20230416;16/04/2023;2023;PRIMER SEMESTRE;202304;ABR;4;16;4
20230417;17/04/2023;2023;PRIMER SEMESTRE;202304;ABR;4;17;4
20230418;18/04/2023;2023;PRIMER SEMESTRE;202304;ABR;4;18;4
20230419;19/04/2023;2023;PRIMER SEMESTRE;202304;ABR;4;19;4
20230420;20/04/2023;2023;PRIMER SEMESTRE;202304;ABR;4;20;4
20230421;21/04/2023;2023;PRIMER SEMESTRE;202304;ABR;4;21;4
20230422;22/04/2023;2023;PRIMER SEMESTRE;202304;ABR;4;22;4
20230423;23/04/2023;2023;PRIMER SEMESTRE;202304;ABR;4;23;5
20230424;24/04/2023;2023;PRIMER SEMESTRE;202304;ABR;4;24;5
20230425;25/04/2023;2023;PRIMER SEMESTRE;202304;ABR;4;25;5
20230426;26/04/2023;2023;PRIMER SEMESTRE;202304;ABR;4;26;5
20230427;27/04/2023;2023;PRIMER SEMESTRE;202304;ABR;4;27;5
20230428;28/04/2023;2023;PRIMER SEMESTRE;202304;ABR;4;28;5
20230429;29/04/2023;2023;PRIMER SEMESTRE;202304;ABR;4;29;5
20230430;30/04/2023;2023;PRIMER SEMESTRE;202304;ABR;4;30;6
20230501;01/05/2023;2023;PRIMER SEMESTRE;202305;MAY;5;1;1
20230502;02/05/2023;2023;PRIMER SEMESTRE;202305;MAY;5;2;1
20230503;03/05/2023;2023;PRIMER SEMESTRE;202305;MAY;5;3;1
20230504;04/05/2023;2023;PRIMER SEMESTRE;202305;MAY;5;4;1
20230505;05/05/2023;2023;PRIMER SEMESTRE;202305;MAY;5;5;1
20230506;06/05/2023;2023;PRIMER SEMESTRE;202305;MAY;5;6;1
20230507;07/05/2023;2023;PRIMER SEMESTRE;202305;MAY;5;7;2
20230508;08/05/2023;2023;PRIMER SEMESTRE;202305;MAY;5;8;2
20230509;09/05/2023;2023;PRIMER SEMESTRE;202305;MAY;5;9;2
20230510;10/05/2023;2023;PRIMER SEMESTRE;202305;MAY;5;10;2
20230511;11/05/2023;2023;PRIMER SEMESTRE;202305;MAY;5;11;2
20230512;12/05/2023;2023;PRIMER SEMESTRE;202305;MAY;5;12;2
20230513;13/05/2023;2023;PRIMER SEMESTRE;202305;MAY;5;13;2
20230514;14/05/2023;2023;PRIMER SEMESTRE;202305;MAY;5;14;3
20230515;15/05/2023;2023;PRIMER SEMESTRE;202305;MAY;5;15;3
20230516;16/05/2023;2023;PRIMER SEMESTRE;202305;MAY;5;16;3
20230517;17/05/2023;2023;PRIMER SEMESTRE;202305;MAY;5;17;3
20230518;18/05/2023;2023;PRIMER SEMESTRE;202305;MAY;5;18;3
20230519;19/05/2023;2023;PRIMER SEMESTRE;202305;MAY;5;19;3
20230520;20/05/2023;2023;PRIMER SEMESTRE;202305;MAY;5;20;3
20230521;21/05/2023;2023;PRIMER SEMESTRE;202305;MAY;5;21;4
20230522;22/05/2023;2023;PRIMER SEMESTRE;202305;MAY;5;22;4
20230523;23/05/2023;2023;PRIMER SEMESTRE;202305;MAY;5;23;4
20230524;24/05/2023;2023;PRIMER SEMESTRE;202305;MAY;5;24;4
20230525;25/05/2023;2023;PRIMER SEMESTRE;202305;MAY;5;25;4
20230526;26/05/2023;2023;PRIMER SEMESTRE;202305;MAY;5;26;4
20230527;27/05/2023;2023;PRIMER SEMESTRE;202305;MAY;5;27;4
20230528;28/05/2023;2023;PRIMER SEMESTRE;202305;MAY;5;28;5
20230529;29/05/2023;2023;PRIMER SEMESTRE;202305;MAY;5;29;5
20230530;30/05/2023;2023;PRIMER SEMESTRE;202305;MAY;5;30;5
20230531;31/05/2023;2023;PRIMER SEMESTRE;202305;MAY;5;31;5
20230601;01/06/2023;2023;PRIMER SEMESTRE;202306;JUN;6;1;1
20230602;02/06/2023;2023;PRIMER SEMESTRE;202306;JUN;6;2;1
20230603;03/06/2023;2023;PRIMER SEMESTRE;202306;JUN;6;3;1
20230604;04/06/2023;2023;PRIMER SEMESTRE;202306;JUN;6;4;2
20230605;05/06/2023;2023;PRIMER SEMESTRE;202306;JUN;6;5;2
20230606;06/06/2023;2023;PRIMER SEMESTRE;202306;JUN;6;6;2
20230607;07/06/2023;2023;PRIMER SEMESTRE;202306;JUN;6;7;2
20230608;08/06/2023;2023;PRIMER SEMESTRE;202306;JUN;6;8;2
20230609;09/06/2023;2023;PRIMER SEMESTRE;202306;JUN;6;9;2
20230610;10/06/2023;2023;PRIMER SEMESTRE;202306;JUN;6;10;2
20230611;11/06/2023;2023;PRIMER SEMESTRE;202306;JUN;6;11;3
20230612;12/06/2023;2023;PRIMER SEMESTRE;202306;JUN;6;12;3
20230613;13/06/2023;2023;PRIMER SEMESTRE;202306;JUN;6;13;3
20230614;14/06/2023;2023;PRIMER SEMESTRE;202306;JUN;6;14;3
20230615;15/06/2023;2023;PRIMER SEMESTRE;202306;JUN;6;15;3
20230616;16/06/2023;2023;PRIMER SEMESTRE;202306;JUN;6;16;3
20230617;17/06/2023;2023;PRIMER SEMESTRE;202306;JUN;6;17;3
20230618;18/06/2023;2023;PRIMER SEMESTRE;202306;JUN;6;18;4
20230619;19/06/2023;2023;PRIMER SEMESTRE;202306;JUN;6;19;4
20230620;20/06/2023;2023;PRIMER SEMESTRE;202306;JUN;6;20;4
20230621;21/06/2023;2023;PRIMER SEMESTRE;202306;JUN;6;21;4
20230622;22/06/2023;2023;PRIMER SEMESTRE;202306;JUN;6;22;4
20230623;23/06/2023;2023;PRIMER SEMESTRE;202306;JUN;6;23;4
20230624;24/06/2023;2023;PRIMER SEMESTRE;202306;JUN;6;24;4
20230625;25/06/2023;2023;PRIMER SEMESTRE;202306;JUN;6;25;5
20230626;26/06/2023;2023;PRIMER SEMESTRE;202306;JUN;6;26;5
20230627;27/06/2023;2023;PRIMER SEMESTRE;202306;JUN;6;27;5
20230628;28/06/2023;2023;PRIMER SEMESTRE;202306;JUN;6;28;5
20230629;29/06/2023;2023;PRIMER SEMESTRE;202306;JUN;6;29;5
20230630;30/06/2023;2023;PRIMER SEMESTRE;202306;JUN;6;30;5
20230701;01/07/2023;2023;SEGUNDO SEMESTRE;202307;JUL;7;1;1
20230702;02/07/2023;2023;SEGUNDO SEMESTRE;202307;JUL;7;2;2
20230703;03/07/2023;2023;SEGUNDO SEMESTRE;202307;JUL;7;3;2
20230704;04/07/2023;2023;SEGUNDO SEMESTRE;202307;JUL;7;4;2
20230705;05/07/2023;2023;SEGUNDO SEMESTRE;202307;JUL;7;5;2
20230706;06/07/2023;2023;SEGUNDO SEMESTRE;202307;JUL;7;6;2
20230707;07/07/2023;2023;SEGUNDO SEMESTRE;202307;JUL;7;7;2
20230708;08/07/2023;2023;SEGUNDO SEMESTRE;202307;JUL;7;8;2
20230709;09/07/2023;2023;SEGUNDO SEMESTRE;202307;JUL;7;9;3
20230710;10/07/2023;2023;SEGUNDO SEMESTRE;202307;JUL;7;10;3
20230711;11/07/2023;2023;SEGUNDO SEMESTRE;202307;JUL;7;11;3
20230712;12/07/2023;2023;SEGUNDO SEMESTRE;202307;JUL;7;12;3
20230713;13/07/2023;2023;SEGUNDO SEMESTRE;202307;JUL;7;13;3
20230714;14/07/2023;2023;SEGUNDO SEMESTRE;202307;JUL;7;14;3
20230715;15/07/2023;2023;SEGUNDO SEMESTRE;202307;JUL;7;15;3
20230716;16/07/2023;2023;SEGUNDO SEMESTRE;202307;JUL;7;16;4
20230717;17/07/2023;2023;SEGUNDO SEMESTRE;202307;JUL;7;17;4
20230718;18/07/2023;2023;SEGUNDO SEMESTRE;202307;JUL;7;18;4
20230719;19/07/2023;2023;SEGUNDO SEMESTRE;202307;JUL;7;19;4
20230720;20/07/2023;2023;SEGUNDO SEMESTRE;202307;JUL;7;20;4
20230721;21/07/2023;2023;SEGUNDO SEMESTRE;202307;JUL;7;21;4
20230722;22/07/2023;2023;SEGUNDO SEMESTRE;202307;JUL;7;22;4
20230723;23/07/2023;2023;SEGUNDO SEMESTRE;202307;JUL;7;23;5
20230724;24/07/2023;2023;SEGUNDO SEMESTRE;202307;JUL;7;24;5
20230725;25/07/2023;2023;SEGUNDO SEMESTRE;202307;JUL;7;25;5
20230726;26/07/2023;2023;SEGUNDO SEMESTRE;202307;JUL;7;26;5
20230727;27/07/2023;2023;SEGUNDO SEMESTRE;202307;JUL;7;27;5
20230728;28/07/2023;2023;SEGUNDO SEMESTRE;202307;JUL;7;28;5
20230729;29/07/2023;2023;SEGUNDO SEMESTRE;202307;JUL;7;29;5
20230730;30/07/2023;2023;SEGUNDO SEMESTRE;202307;JUL;7;30;6
20230731;31/07/2023;2023;SEGUNDO SEMESTRE;202307;JUL;7;31;6
20230801;01/08/2023;2023;SEGUNDO SEMESTRE;202308;AGO;8;1;1
20230802;02/08/2023;2023;SEGUNDO SEMESTRE;202308;AGO;8;2;1
20230803;03/08/2023;2023;SEGUNDO SEMESTRE;202308;AGO;8;3;1
20230804;04/08/2023;2023;SEGUNDO SEMESTRE;202308;AGO;8;4;1
20230805;05/08/2023;2023;SEGUNDO SEMESTRE;202308;AGO;8;5;1
20230806;06/08/2023;2023;SEGUNDO SEMESTRE;202308;AGO;8;6;2
20230807;07/08/2023;2023;SEGUNDO SEMESTRE;202308;AGO;8;7;2
20230808;08/08/2023;2023;SEGUNDO SEMESTRE;202308;AGO;8;8;2
20230809;09/08/2023;2023;SEGUNDO SEMESTRE;202308;AGO;8;9;2
20230810;10/08/2023;2023;SEGUNDO SEMESTRE;202308;AGO;8;10;2
20230811;11/08/2023;2023;SEGUNDO SEMESTRE;202308;AGO;8;11;2
20230812;12/08/2023;2023;SEGUNDO SEMESTRE;202308;AGO;8;12;2
20230813;13/08/2023;2023;SEGUNDO SEMESTRE;202308;AGO;8;13;3
20230814;14/08/2023;2023;SEGUNDO SEMESTRE;202308;AGO;8;14;3
20230815;15/08/2023;2023;SEGUNDO SEMESTRE;202308;AGO;8;15;3
20230816;16/08/2023;2023;SEGUNDO SEMESTRE;202308;AGO;8;16;3
20230817;17/08/2023;2023;SEGUNDO SEMESTRE;202308;AGO;8;17;3
20230818;18/08/2023;2023;SEGUNDO SEMESTRE;202308;AGO;8;18;3
20230819;19/08/2023;2023;SEGUNDO SEMESTRE;202308;AGO;8;19;3
20230820;20/08/2023;2023;SEGUNDO SEMESTRE;202308;AGO;8;20;4
20230821;21/08/2023;2023;SEGUNDO SEMESTRE;202308;AGO;8;21;4
20230822;22/08/2023;2023;SEGUNDO SEMESTRE;202308;AGO;8;22;4
20230823;23/08/2023;2023;SEGUNDO SEMESTRE;202308;AGO;8;23;4
20230824;24/08/2023;2023;SEGUNDO SEMESTRE;202308;AGO;8;24;4
20230825;25/08/2023;2023;SEGUNDO SEMESTRE;202308;AGO;8;25;4
20230826;26/08/2023;2023;SEGUNDO SEMESTRE;202308;AGO;8;26;4
20230827;27/08/2023;2023;SEGUNDO SEMESTRE;202308;AGO;8;27;5
20230828;28/08/2023;2023;SEGUNDO SEMESTRE;202308;AGO;8;28;5
20230829;29/08/2023;2023;SEGUNDO SEMESTRE;202308;AGO;8;29;5
20230830;30/08/2023;2023;SEGUNDO SEMESTRE;202308;AGO;8;30;5
20230831;31/08/2023;2023;SEGUNDO SEMESTRE;202308;AGO;8;31;5
20230901;01/09/2023;2023;SEGUNDO SEMESTRE;202309;SEP;9;1;1
20230902;02/09/2023;2023;SEGUNDO SEMESTRE;202309;SEP;9;2;1
20230903;03/09/2023;2023;SEGUNDO SEMESTRE;202309;SEP;9;3;2
20230904;04/09/2023;2023;SEGUNDO SEMESTRE;202309;SEP;9;4;2
20230905;05/09/2023;2023;SEGUNDO SEMESTRE;202309;SEP;9;5;2
20230906;06/09/2023;2023;SEGUNDO SEMESTRE;202309;SEP;9;6;2
20230907;07/09/2023;2023;SEGUNDO SEMESTRE;202309;SEP;9;7;2
20230908;08/09/2023;2023;SEGUNDO SEMESTRE;202309;SEP;9;8;2
20230909;09/09/2023;2023;SEGUNDO SEMESTRE;202309;SEP;9;9;2
20230910;10/09/2023;2023;SEGUNDO SEMESTRE;202309;SEP;9;10;3
20230911;11/09/2023;2023;SEGUNDO SEMESTRE;202309;SEP;9;11;3
20230912;12/09/2023;2023;SEGUNDO SEMESTRE;202309;SEP;9;12;3
20230913;13/09/2023;2023;SEGUNDO SEMESTRE;202309;SEP;9;13;3
20230914;14/09/2023;2023;SEGUNDO SEMESTRE;202309;SEP;9;14;3
20230915;15/09/2023;2023;SEGUNDO SEMESTRE;202309;SEP;9;15;3
20230916;16/09/2023;2023;SEGUNDO SEMESTRE;202309;SEP;9;16;3
20230917;17/09/2023;2023;SEGUNDO SEMESTRE;202309;SEP;9;17;4
20230918;18/09/2023;2023;SEGUNDO SEMESTRE;202309;SEP;9;18;4
20230919;19/09/2023;2023;SEGUNDO SEMESTRE;202309;SEP;9;19;4
20230920;20/09/2023;2023;SEGUNDO SEMESTRE;202309;SEP;9;20;4
20230921;21/09/2023;2023;SEGUNDO SEMESTRE;202309;SEP;9;21;4
20230922;22/09/2023;2023;SEGUNDO SEMESTRE;202309;SEP;9;22;4
20230923;23/09/2023;2023;SEGUNDO SEMESTRE;202309;SEP;9;23;4
20230924;24/09/2023;2023;SEGUNDO SEMESTRE;202309;SEP;9;24;5
20230925;25/09/2023;2023;SEGUNDO SEMESTRE;202309;SEP;9;25;5
20230926;26/09/2023;2023;SEGUNDO SEMESTRE;202309;SEP;9;26;5
20230927;27/09/2023;2023;SEGUNDO SEMESTRE;202309;SEP;9;27;5
20230928;28/09/2023;2023;SEGUNDO SEMESTRE;202309;SEP;9;28;5
20230929;29/09/2023;2023;SEGUNDO SEMESTRE;202309;SEP;9;29;5
20230930;30/09/2023;2023;SEGUNDO SEMESTRE;202309;SEP;9;30;5
20231001;01/10/2023;2023;SEGUNDO SEMESTRE;202310;OCT;10;1;1
20231002;02/10/2023;2023;SEGUNDO SEMESTRE;202310;OCT;10;2;1
20231003;03/10/2023;2023;SEGUNDO SEMESTRE;202310;OCT;10;3;1
20231004;04/10/2023;2023;SEGUNDO SEMESTRE;202310;OCT;10;4;1
20231005;05/10/2023;2023;SEGUNDO SEMESTRE;202310;OCT;10;5;1
20231006;06/10/2023;2023;SEGUNDO SEMESTRE;202310;OCT;10;6;1
20231007;07/10/2023;2023;SEGUNDO SEMESTRE;202310;OCT;10;7;1
20231008;08/10/2023;2023;SEGUNDO SEMESTRE;202310;OCT;10;8;2
20231009;09/10/2023;2023;SEGUNDO SEMESTRE;202310;OCT;10;9;2
20231010;10/10/2023;2023;SEGUNDO SEMESTRE;202310;OCT;10;10;2
20231011;11/10/2023;2023;SEGUNDO SEMESTRE;202310;OCT;10;11;2
20231012;12/10/2023;2023;SEGUNDO SEMESTRE;202310;OCT;10;12;2
20231013;13/10/2023;2023;SEGUNDO SEMESTRE;202310;OCT;10;13;2
20231014;14/10/2023;2023;SEGUNDO SEMESTRE;202310;OCT;10;14;2
20231015;15/10/2023;2023;SEGUNDO SEMESTRE;202310;OCT;10;15;3
20231016;16/10/2023;2023;SEGUNDO SEMESTRE;202310;OCT;10;16;3
20231017;17/10/2023;2023;SEGUNDO SEMESTRE;202310;OCT;10;17;3
20231018;18/10/2023;2023;SEGUNDO SEMESTRE;202310;OCT;10;18;3
20231019;19/10/2023;2023;SEGUNDO SEMESTRE;202310;OCT;10;19;3
20231020;20/10/2023;2023;SEGUNDO SEMESTRE;202310;OCT;10;20;3
20231021;21/10/2023;2023;SEGUNDO SEMESTRE;202310;OCT;10;21;3
20231022;22/10/2023;2023;SEGUNDO SEMESTRE;202310;OCT;10;22;4
20231023;23/10/2023;2023;SEGUNDO SEMESTRE;202310;OCT;10;23;4
20231024;24/10/2023;2023;SEGUNDO SEMESTRE;202310;OCT;10;24;4
20231025;25/10/2023;2023;SEGUNDO SEMESTRE;202310;OCT;10;25;4
20231026;26/10/2023;2023;SEGUNDO SEMESTRE;202310;OCT;10;26;4
20231027;27/10/2023;2023;SEGUNDO SEMESTRE;202310;OCT;10;27;4
20231028;28/10/2023;2023;SEGUNDO SEMESTRE;202310;OCT;10;28;4
20231029;29/10/2023;2023;SEGUNDO SEMESTRE;202310;OCT;10;29;5
20231030;30/10/2023;2023;SEGUNDO SEMESTRE;202310;OCT;10;30;5
20231031;31/10/2023;2023;SEGUNDO SEMESTRE;202310;OCT;10;31;5
20231101;01/11/2023;2023;SEGUNDO SEMESTRE;202311;NOV;11;1;1
20231102;02/11/2023;2023;SEGUNDO SEMESTRE;202311;NOV;11;2;1
20231103;03/11/2023;2023;SEGUNDO SEMESTRE;202311;NOV;11;3;1
20231104;04/11/2023;2023;SEGUNDO SEMESTRE;202311;NOV;11;4;1
20231105;05/11/2023;2023;SEGUNDO SEMESTRE;202311;NOV;11;5;2
20231106;06/11/2023;2023;SEGUNDO SEMESTRE;202311;NOV;11;6;2
20231107;07/11/2023;2023;SEGUNDO SEMESTRE;202311;NOV;11;7;2
20231108;08/11/2023;2023;SEGUNDO SEMESTRE;202311;NOV;11;8;2
20231109;09/11/2023;2023;SEGUNDO SEMESTRE;202311;NOV;11;9;2
20231110;10/11/2023;2023;SEGUNDO SEMESTRE;202311;NOV;11;10;2
20231111;11/11/2023;2023;SEGUNDO SEMESTRE;202311;NOV;11;11;2
20231112;12/11/2023;2023;SEGUNDO SEMESTRE;202311;NOV;11;12;3
20231113;13/11/2023;2023;SEGUNDO SEMESTRE;202311;NOV;11;13;3
20231114;14/11/2023;2023;SEGUNDO SEMESTRE;202311;NOV;11;14;3
20231115;15/11/2023;2023;SEGUNDO SEMESTRE;202311;NOV;11;15;3
20231116;16/11/2023;2023;SEGUNDO SEMESTRE;202311;NOV;11;16;3
20231117;17/11/2023;2023;SEGUNDO SEMESTRE;202311;NOV;11;17;3
20231118;18/11/2023;2023;SEGUNDO SEMESTRE;202311;NOV;11;18;3
20231119;19/11/2023;2023;SEGUNDO SEMESTRE;202311;NOV;11;19;4
20231120;20/11/2023;2023;SEGUNDO SEMESTRE;202311;NOV;11;20;4
20231121;21/11/2023;2023;SEGUNDO SEMESTRE;202311;NOV;11;21;4
20231122;22/11/2023;2023;SEGUNDO SEMESTRE;202311;NOV;11;22;4
20231123;23/11/2023;2023;SEGUNDO SEMESTRE;202311;NOV;11;23;4
20231124;24/11/2023;2023;SEGUNDO SEMESTRE;202311;NOV;11;24;4
20231125;25/11/2023;2023;SEGUNDO SEMESTRE;202311;NOV;11;25;4
20231126;26/11/2023;2023;SEGUNDO SEMESTRE;202311;NOV;11;26;5
20231127;27/11/2023;2023;SEGUNDO SEMESTRE;202311;NOV;11;27;5
20231128;28/11/2023;2023;SEGUNDO SEMESTRE;202311;NOV;11;28;5
20231129;29/11/2023;2023;SEGUNDO SEMESTRE;202311;NOV;11;29;5
20231130;30/11/2023;2023;SEGUNDO SEMESTRE;202311;NOV;11;30;5
20231201;01/12/2023;2023;SEGUNDO SEMESTRE;202312;DIC;12;1;1
20231202;02/12/2023;2023;SEGUNDO SEMESTRE;202312;DIC;12;2;1
20231203;03/12/2023;2023;SEGUNDO SEMESTRE;202312;DIC;12;3;2
20231204;04/12/2023;2023;SEGUNDO SEMESTRE;202312;DIC;12;4;2
20231205;05/12/2023;2023;SEGUNDO SEMESTRE;202312;DIC;12;5;2
20231206;06/12/2023;2023;SEGUNDO SEMESTRE;202312;DIC;12;6;2
20231207;07/12/2023;2023;SEGUNDO SEMESTRE;202312;DIC;12;7;2
20231208;08/12/2023;2023;SEGUNDO SEMESTRE;202312;DIC;12;8;2
20231209;09/12/2023;2023;SEGUNDO SEMESTRE;202312;DIC;12;9;2
20231210;10/12/2023;2023;SEGUNDO SEMESTRE;202312;DIC;12;10;3
20231211;11/12/2023;2023;SEGUNDO SEMESTRE;202312;DIC;12;11;3
20231212;12/12/2023;2023;SEGUNDO SEMESTRE;202312;DIC;12;12;3
20231213;13/12/2023;2023;SEGUNDO SEMESTRE;202312;DIC;12;13;3
20231214;14/12/2023;2023;SEGUNDO SEMESTRE;202312;DIC;12;14;3
20231215;15/12/2023;2023;SEGUNDO SEMESTRE;202312;DIC;12;15;3
20231216;16/12/2023;2023;SEGUNDO SEMESTRE;202312;DIC;12;16;3
20231217;17/12/2023;2023;SEGUNDO SEMESTRE;202312;DIC;12;17;4
20231218;18/12/2023;2023;SEGUNDO SEMESTRE;202312;DIC;12;18;4
20231219;19/12/2023;2023;SEGUNDO SEMESTRE;202312;DIC;12;19;4
20231220;20/12/2023;2023;SEGUNDO SEMESTRE;202312;DIC;12;20;4
20231221;21/12/2023;2023;SEGUNDO SEMESTRE;202312;DIC;12;21;4
20231222;22/12/2023;2023;SEGUNDO SEMESTRE;202312;DIC;12;22;4
20231223;23/12/2023;2023;SEGUNDO SEMESTRE;202312;DIC;12;23;4
20231224;24/12/2023;2023;SEGUNDO SEMESTRE;202312;DIC;12;24;5
20231225;25/12/2023;2023;SEGUNDO SEMESTRE;202312;DIC;12;25;5
20231226;26/12/2023;2023;SEGUNDO SEMESTRE;202312;DIC;12;26;5
20231227;27/12/2023;2023;SEGUNDO SEMESTRE;202312;DIC;12;27;5
20231228;28/12/2023;2023;SEGUNDO SEMESTRE;202312;DIC;12;28;5
20231229;29/12/2023;2023;SEGUNDO SEMESTRE;202312;DIC;12;29;5
20231230;30/12/2023;2023;SEGUNDO SEMESTRE;202312;DIC;12;30;5
20231231;31/12/2023;2023;SEGUNDO SEMESTRE;202312;DIC;12;31;6
